index,x,y,z,source_distance_m,source_id
0,-27018.00537109375,-8979.798126220703,225.09727478027344,0,0
1,-26992.816162109375,-9129.681396484375,226.13377571105957,1.519887089729309,1
2,-26967.919921875,-9277.755737304688,227.11458206176758,3.0214462280273438,2
3,-26942.990112304688,-9425.900268554688,228.04651260375977,4.523749828338623,3
4,-26918.063354492188,-9574.067687988281,228.92577648162842,6.026270866394043,4
5,-26893.014526367188,-9722.81494140625,229.8117160797119,7.534712791442871,5
6,-26867.71240234375,-9872.87826538086,230.7927370071411,9.056558609008789,6
7,-26842.626953125,-10021.417999267578,231.5614938735962,10.563009262084961,7
8,-26817.288208007812,-10171.2646484375,232.29961395263672,12.08276653289795,8
9,-26792.001342773438,-10320.68862915039,233.01899433135986,13.598268508911133,9
10,-26766.644287109375,-10470.496368408203,233.61337184906006,15.117666244506836,10
11,-26741.05224609375,-10621.692657470703,234.54620838165283,16.65116310119629,11
12,-26715.972900390625,-10769.829559326172,235.29465198516846,18.153629302978516,12
13,-26690.8203125,-10918.222045898438,236.04795932769775,19.65873908996582,13
14,-26664.996337890625,-11070.47348022461,236.89584732055664,21.203022003173828,14
15,-26639.61181640625,-11220.042419433594,237.835693359375,22.720129013061523,15
16,-26613.90380859375,-11371.43783569336,238.99738788604736,24.25579833984375,16
17,-26588.04931640625,-11523.797607421875,240.2761697769165,25.80122947692871,17
18,-26562.118530273438,-11676.506805419922,241.79799556732178,27.350255966186523,18
19,-26536.273193359375,-11828.632354736328,243.30530166625977,28.893383026123047,19
20,-26510.638427734375,-11979.450225830078,244.84446048736572,30.423269271850586,20
21,-26485.293579101562,-12128.276062011719,246.40817642211914,31.933034896850586,21
22,-26459.091186523438,-12281.793975830078,247.92053699493408,33.49048614501953,22
23,-26433.322143554688,-12432.432556152344,249.38724040985107,35.01882553100586,23
24,-26406.838989257812,-12587.36343383789,250.8869171142578,36.59067916870117,24
25,-26381.088256835938,-12738.593292236328,252.31029987335205,38.12480926513672,25
26,-26354.803466796875,-12893.684387207031,253.68869304656982,39.69789505004883,26
27,-26329.739379882812,-13042.61474609375,254.78570461273193,41.20818328857422,27
28,-26304.818725585938,-13191.317749023438,255.7809591293335,42.71598434448242,28
29,-26280.096435546875,-13339.3310546875,257.0582151412964,44.2166748046875,29
30,-26254.153442382812,-13494.801330566406,258.4935426712036,45.792938232421875,30
31,-26228.292846679688,-13649.501037597656,259.70802307128906,47.3614501953125,31
32,-26202.334594726562,-13803.385925292969,260.81228256225586,48.92207717895508,32
33,-26175.973510742188,-13956.431579589844,261.51819229125977,50.4750862121582,33
34,-26148.983764648438,-14108.576965332031,261.8635892868042,52.02029800415039,34
35,-26121.389770507812,-14259.822082519531,261.9547367095947,53.557716369628906,35
36,-26093.215942382812,-14410.176086425781,261.81797981262207,55.087425231933594,36
37,-26064.547729492188,-14559.675598144531,261.4044427871704,56.60966491699219,37
38,-26035.409545898438,-14708.341979980469,260.79254150390625,58.12462615966797,38
39,-26005.795288085938,-14856.159973144531,260.2855443954468,59.63218688964844,39
40,-25975.86669921875,-15003.172302246094,259.8116636276245,61.13247299194336,40
41,-25944.134521484375,-15157.060241699219,259.1531991958618,62.70374298095703,41
42,-25911.990356445312,-15310.052490234375,258.4169387817383,64.26708984375,42
43,-25879.348754882812,-15462.115478515625,257.7829122543335,65.82237243652344,43
44,-25846.124267578125,-15613.215637207031,257.1333169937134,67.3694839477539,44
45,-25812.103271484375,-15763.308715820312,256.29866123199463,68.90850830078125,45
46,-25776.541137695312,-15912.150573730469,255.57596683502197,70.43883514404297,46
47,-25738.504028320312,-16059.443664550781,254.9002170562744,71.9601058959961,47
48,-25697.332763671875,-16204.949951171875,254.0807008743286,73.47232055664062,48
49,-25652.20947265625,-16348.289489746094,253.26766967773438,74.97508239746094,49
50,-25599.954223632812,-16496.070861816406,252.47721672058105,76.5425796508789,50
51,-25542.77801513672,-16640.924072265625,251.60768032073975,78.09989929199219,51
52,-25481.51092529297,-16783.055114746094,250.69880485534668,79.64765930175781,52
53,-25415.95001220703,-16922.134399414062,249.9056339263916,81.18524932861328,53
54,-25345.765686035156,-17057.78045654297,249.19369220733643,82.71253967285156,54
55,-25270.85723876953,-17189.68048095703,248.49066734313965,84.22942352294922,55
56,-25191.017150878906,-17317.398071289062,247.6734161376953,85.73564147949219,56
57,-25102.069091796875,-17446.328735351562,246.7965841293335,87.3020248413086,57
58,-25007.855224609375,-17569.98748779297,245.88415622711182,88.85665130615234,58
59,-24908.567810058594,-17688.07830810547,244.95084285736084,90.3995132446289,59
60,-24804.33807373047,-17800.196838378906,244.0943479537964,91.93036651611328,60
61,-24695.452880859375,-17906.06689453125,243.1854486465454,93.44908905029297,61
62,-24582.2021484375,-18005.361938476562,242.27356910705566,94.95527648925781,62
63,-24459.77325439453,-18101.828002929688,241.2283420562744,96.51398468017578,63
64,-24334.21173095703,-18190.27862548828,240.0465965270996,98.04991149902344,64
65,-24206.18438720703,-18270.217895507812,238.8986349105835,99.5593032836914,65
66,-24069.68994140625,-18344.732666015625,237.77461051940918,101.11444091796875,66
67,-23930.15899658203,-18410.464477539062,236.6955280303955,102.65686798095703,67
68,-23788.006591796875,-18467.44842529297,235.7004165649414,104.18838500976562,68
69,-23643.48602294922,-18515.789794921875,234.80308055877686,105.71232604980469,69
70,-23496.510314941406,-18555.735778808594,233.92362594604492,107.23542785644531,70
71,-23347.520446777344,-18587.21160888672,233.04667472839355,108.75823974609375,71
72,-23197.727966308594,-18609.87091064453,232.23068714141846,110.27323150634766,72
73,-23047.89276123047,-18623.4619140625,231.68914318084717,111.77774810791016,73
74,-22892.303466796875,-18628.236389160156,231.3035011291504,113.33438110351562,74
75,-22736.322021484375,-18623.733520507812,231.0957670211792,114.89484405517578,75
76,-22584.811401367188,-18611.181640625,230.99887371063232,116.4151382446289,76
77,-22431.77490234375,-18590.623474121094,230.71086406707764,117.9592514038086,77
78,-22284.033203125,-18563.052368164062,230.3626298904419,119.4621810913086,78
79,-22135.594177246094,-18527.525329589844,230.0070285797119,120.98849487304688,79
80,-21986.849975585938,-18484.054565429688,229.56438064575195,122.53816223144531,80
81,-21844.60906982422,-18435.10284423828,228.96509170532227,124.0424575805664,81
82,-21702.426147460938,-18379.124450683594,228.28760147094727,125.57052612304688,82
83,-21558.766174316406,-18317.860412597656,227.3409366607666,127.13233184814453,83
84,-21419.57550048828,-18255.221557617188,226.1810302734375,128.6587371826172,84
85,-21278.500366210938,-18188.32244873047,225.040864944458,130.22010803222656,85
86,-21142.2607421875,-18120.669555664062,223.92523288726807,131.74127197265625,86
87,-21003.619384765625,-18050.352478027344,222.7276086807251,133.2958526611328,87
88,-20869.500732421875,-17980.95703125,221.94666862487793,134.8059539794922,88
89,-20733.934020996094,-17908.401489257812,221.08135223388672,136.34359741210938,89
90,-20596.597290039062,-17832.272338867188,220.00274658203125,137.9138946533203,90
91,-20465.55633544922,-17756.723022460938,218.937349319458,139.42652893066406,91
92,-20333.572387695312,-17678.005981445312,217.63629913330078,140.9633331298828,92
93,-20200.91094970703,-17596.121215820312,216.08028411865234,142.5223846435547,93
94,-20067.64678955078,-17511.062622070312,214.3723726272583,144.1034393310547,94
95,-19941.140747070312,-17428.648376464844,212.57665157318115,145.61337280273438,95
96,-19813.81378173828,-17344.85321044922,210.61460971832275,147.13775634765625,96
97,-19685.75897216797,-17259.642028808594,208.66785049438477,148.676025390625,97
98,-19557.278442382812,-17172.703552246094,206.70599937438965,150.2274627685547,98
99,-19428.846740722656,-17083.432006835938,204.82091903686523,151.7916717529297,99
100,-19300.8056640625,-16991.41845703125,203.02376747131348,153.36851501464844,100
101,-19173.452758789062,-16896.458435058594,201.4005422592163,154.95718383789062,101
102,-19054.710388183594,-16804.18243408203,199.96411800384521,156.46107482910156,102
103,-18937.733459472656,-16708.843994140625,198.57544898986816,157.97021484375,103
104,-18822.71270751953,-16610.38818359375,197.2327709197998,159.48431396484375,104
105,-18708.981323242188,-16509.571838378906,195.93322277069092,161.0041961669922,105
106,-18596.10595703125,-16406.94122314453,194.74977254867554,162.52981567382812,106
107,-18484.28497314453,-16302.412414550781,193.71116161346436,164.060546875,107
108,-18373.736572265625,-16195.782470703125,192.90748834609985,165.59649658203125,108
109,-18264.743041992188,-16086.849975585938,192.3900604248047,167.13748168945312,109
110,-18157.925415039062,-15975.189208984375,192.13685989379883,168.6827392578125,110
111,-18053.736877441406,-15860.530090332031,192.04342365264893,170.23199462890625,111
112,-17952.320861816406,-15742.874145507812,191.94263219833374,171.7853240966797,112
113,-17853.810119628906,-15622.315979003906,191.7294144630432,173.3422088623047,113
114,-17758.297729492188,-15498.966979980469,191.28575325012207,174.9022674560547,114
115,-17665.554809570312,-15373.05908203125,190.50248861312866,176.466064453125,115
116,-17575.302124023438,-15244.804382324219,189.35067653656006,178.0343780517578,116
117,-17487.45574951172,-15114.323425292969,187.92202472686768,179.60740661621094,117
118,-17401.947021484375,-14981.729125976562,186.34337186813354,181.18524169921875,118
119,-17318.614196777344,-14847.200012207031,184.55203771591187,182.767822265625,119
120,-17236.83319091797,-14711.112976074219,182.61421918869019,184.3556365966797,120
121,-17155.889892578125,-14573.927307128906,180.6748628616333,185.9486083984375,121
122,-17075.399780273438,-14435.884094238281,178.66967916488647,187.54669189453125,122
123,-17000.05645751953,-14305.862426757812,176.68784856796265,189.049560546875,123
124,-16924.571228027344,-14175.360107421875,174.69491958618164,190.5572967529297,124
125,-16848.831176757812,-14044.400024414062,172.69740104675293,192.07028198242188,125
126,-16772.78289794922,-13912.974548339844,170.70114612579346,193.58883666992188,126
127,-16696.40655517578,-13781.097412109375,168.76815557479858,195.11293029785156,127
128,-16619.69451904297,-13648.780822753906,166.88518524169922,196.6425018310547,128
129,-16542.645263671875,-13516.006469726562,164.93046283721924,198.177734375,129
130,-16465.234375,-13382.734680175781,162.88604736328125,199.71910095214844,130
131,-16387.432861328125,-13248.898315429688,160.786771774292,201.26731872558594,131
132,-16309.266662597656,-13114.439392089844,158.63828659057617,202.82275390625,132
133,-16230.752563476562,-12979.347229003906,156.4966320991516,204.38540649414062,133
134,-16151.89208984375,-12843.637084960938,154.38421964645386,205.95513916015625,134
135,-16072.663879394531,-12707.296752929688,152.3185133934021,207.53216552734375,135
136,-15993.069458007812,-12570.323181152344,150.20982027053833,209.11651611328125,136
137,-15913.139343261719,-12432.772064208984,148.03409576416016,210.70755004882812,137
138,-15833.013916015625,-12294.866943359375,145.8092451095581,212.30262756347656,138
139,-15752.83203125,-12156.838989257812,143.53246688842773,213.89906311035156,139
140,-15672.706604003906,-12018.878936767578,141.31996631622314,215.49461364746094,140
141,-15592.723083496094,-11881.149291992188,139.21082019805908,217.0874481201172,141
142,-15512.960815429688,-11743.788146972656,137.13082075119019,218.6759796142578,142
143,-15433.450317382812,-11606.871032714844,135.05994081497192,220.25941467285156,143
144,-15354.176330566406,-11470.401000976562,133.00933837890625,221.83778381347656,144
145,-15275.202941894531,-11334.55810546875,130.92559576034546,223.4092254638672,145
146,-15197.538757324219,-11201.224517822266,128.62733602523804,224.9524383544922,146
147,-15121.710205078125,-11071.456146240234,126.41985416412354,226.45559692382812,147
148,-15042.787170410156,-10937.129211425781,123.98462295532227,228.0137481689453,148
149,-14965.589904785156,-10807.24105834961,121.71856164932251,229.52488708496094,149
150,-14885.346984863281,-10674.230194091797,119.55225467681885,231.0784454345703,150
151,-14806.764221191406,-10546.096801757812,117.29656457901001,232.58172607421875,151
152,-14725.215148925781,-10415.571594238281,114.71058130264282,234.12100219726562,152
153,-14641.293334960938,-10284.095764160156,112.31080293655396,235.6809539794922,153
154,-14555.3955078125,-10152.278900146484,109.97967720031738,237.2544708251953,154
155,-14472.021484375,-10026.253509521484,107.44588375091553,238.76576232910156,155
156,-14387.745666503906,-9900.457000732422,105.18746376037598,240.2801055908203,156
157,-14302.769470214844,-9775.679779052734,103.00142765045166,241.7899169921875,157
158,-14214.84375,-9649.683380126953,100.65871477127075,243.32652282714844,158
159,-14125.698852539062,-9524.813842773438,98.55842590332031,244.8609161376953,159
160,-14035.298156738281,-9400.792694091797,96.32098078727722,246.3957977294922,160
161,-13943.630981445312,-9277.719116210938,93.82319450378418,247.93060302734375,161
162,-13850.675964355469,-9155.608367919922,91.34507775306702,249.4654541015625,162
163,-13756.578063964844,-9034.368896484375,88.97777199745178,251.00035095214844,163
164,-13661.355590820312,-8914.034271240234,86.29561066627502,252.5351104736328,164
165,-13564.892578125,-8794.649505615234,83.78059267997742,254.07017517089844,165
166,-13467.216491699219,-8676.263427734375,81.51440024375916,255.60513305664062,166
167,-13368.109130859375,-8559.043884277344,78.88262271881104,257.140380859375,167
168,-13267.366027832031,-8443.168640136719,76.40530467033386,258.676025390625,168
169,-13165.235900878906,-8328.517150878906,74.55968260765076,260.2115783691406,169
170,-13062.429809570312,-8214.4287109375,72.71750569343567,261.7474365234375,170
171,-12959.197998046875,-8100.798034667969,70.24555206298828,263.2828369140625,171
172,-12855.46875,-7987.630462646484,68.56042146682739,264.8180847167969,172
173,-12751.301574707031,-7874.8382568359375,66.717129945755,266.3535461425781,173
174,-12646.93832397461,-7762.1002197265625,64.22508358955383,267.8900146484375,174
175,-12542.398834228516,-7649.504089355469,62.279731035232544,269.42657470703125,175
176,-12437.378692626953,-7537.152862548828,60.49014329910278,270.964599609375,176
177,-12331.941986083984,-7425.3143310546875,58.26234817504883,272.5018005371094,177
178,-12226.07650756836,-7313.933563232422,56.13619089126587,274.0386047363281,178
179,-12119.52896118164,-7202.763366699219,54.19830679893494,275.5785827636719,179
180,-12012.782287597656,-7092.212677001953,51.941561698913574,277.1155090332031,180
181,-11905.47103881836,-6981.925964355469,49.75769519805908,278.6544494628906,181
182,-11797.693634033203,-6871.991729736328,47.83551096916199,280.194091796875,182
183,-11689.767456054688,-6762.705993652344,45.676350593566895,281.7301940917969,183
184,-11581.30874633789,-6653.379821777344,43.69445443153381,283.2702941894531,184
185,-11472.896575927734,-6544.2535400390625,42.00112223625183,284.8086242675781,185
186,-11364.52407836914,-6435.231781005859,40.15251100063324,286.345947265625,186
187,-11255.889129638672,-6326.018142700195,38.19293677806854,287.8865051269531,187
188,-11147.55859375,-6217.190933227539,36.12454533576965,289.42218017578125,188
189,-11038.806915283203,-6108.018493652344,34.09673273563385,290.9632873535156,189
190,-10930.23452758789,-5999.090194702148,31.83581233024597,292.50140380859375,190
191,-10821.644592285156,-5890.208053588867,29.60667610168457,294.0393371582031,191
192,-10713.005065917969,-5781.308746337891,28.074637055397034,295.57763671875,192
193,-10604.390716552734,-5672.538375854492,27.431941032409668,297.11480712890625,193
194,-10495.85952758789,-5563.861083984375,26.268646121025085,298.6507568359375,194
195,-10387.068176269531,-5454.987716674805,26.446029543876648,300.18988037109375,195
196,-10278.174591064453,-5346.144104003906,26.59587562084198,301.7295227050781,196
197,-10169.478607177734,-5237.570953369141,26.157379150390625,303.265869140625,197
198,-10060.411834716797,-5128.69758605957,26.306256651878357,304.80694580078125,198
199,-9951.565551757812,-5020.113372802734,26.459583640098572,306.34442138671875,199
200,-9842.631530761719,-4911.481475830078,26.60401463508606,307.8828430175781,200
201,-9733.543395996094,-4802.756118774414,26.862823963165283,309.42303466796875,201
202,-9624.744415283203,-4694.390869140625,26.836594939231873,310.9586181640625,202
203,-9515.519714355469,-4585.691833496094,26.756134629249573,312.49957275390625,203
204,-9406.422424316406,-4477.174377441406,26.58190429210663,314.0383605957031,204
205,-9297.37548828125,-4368.701553344727,26.33177936077118,315.57647705078125,205
206,-9188.26675415039,-4260.157012939453,26.269608736038208,317.1155090332031,206
207,-9079.287719726562,-4151.74560546875,26.450514793395996,318.6527099609375,207
208,-8970.085906982422,-4043.1167602539062,26.733699440956116,320.1930236816406,208
209,-8861.023712158203,-3934.6084594726562,27.005761861801147,321.7314758300781,209
210,-8752.16293334961,-3826.2969970703125,27.27142870426178,323.2671203613281,210
211,-8642.83447265625,-3717.5079345703125,27.34396755695343,324.8094482421875,211
212,-8533.856964111328,-3609.088134765625,27.13857591152191,326.3466796875,212
213,-8424.663543701172,-3500.4528045654297,26.95675790309906,327.886962890625,213
214,-8315.605163574219,-3391.9361114501953,26.62857174873352,329.4254455566406,214
215,-8206.754302978516,-3283.597946166992,26.398000121116638,330.9612121582031,215
216,-8097.458648681641,-3174.758720397949,26.265957951545715,332.503662109375,216
217,-7988.527679443359,-3066.263008117676,25.926274061203003,334.0411071777344,217
218,-7879.38232421875,-2957.528305053711,25.6425678730011,335.5817565917969,218
219,-7770.427703857422,-2848.955726623535,25.402510166168213,337.1199035644531,219
220,-7661.6363525390625,-2740.536308288574,25.336426496505737,338.65582275390625,220
221,-7552.386474609375,-2631.6423416137695,25.428757071495056,340.1983337402344,221
222,-7443.505859375,-2523.090934753418,25.619885325431824,341.7358093261719,222
223,-7334.412384033203,-2414.326858520508,26.065191626548767,343.27630615234375,223
224,-7225.499725341797,-2305.7350158691406,26.296138763427734,344.8143005371094,224
225,-7116.742706298828,-2197.2869873046875,26.4234721660614,346.3501892089844,225
226,-7007.5286865234375,-2088.3773803710938,26.448282599449158,347.8925476074219,226
227,-6898.6785888671875,-1979.820442199707,26.24577283859253,349.4298400878906,227
228,-6789.609527587891,-1871.0254669189453,26.025390625,350.9703674316406,228
229,-6680.709075927734,-1762.4090194702148,25.767770409584045,352.5084533691406,229
230,-6571.978759765625,-1653.941535949707,25.641870498657227,354.0442810058594,230
231,-6462.784576416016,-1544.9962615966797,25.380951166152954,355.5867614746094,231
232,-6353.990173339844,-1436.4178657531738,25.036340951919556,357.1238098144531,232
233,-6245.219039916992,-1327.8244018554688,24.99539852142334,358.6607971191406,233
234,-6136.09733581543,-1218.854808807373,24.829140305519104,360.20294189453125,234
235,-6027.418899536133,-1110.3036880493164,24.487565457820892,361.7389831542969,235
236,-5918.531036376953,-1001.4981269836426,24.396435916423798,363.2783203125,236
237,-5809.699249267578,-892.7366256713867,24.184520542621613,364.8169250488281,237
238,-5701.061630249023,-784.1471672058105,23.891495168209076,366.35296630859375,238
239,-5592.028427124023,-675.1482963562012,23.612651228904724,367.8946838378906,239
240,-5483.237457275391,-566.401195526123,23.209020495414734,369.43292236328125,240
241,-5374.3621826171875,-457.5521469116211,22.873011231422424,370.97247314453125,241
242,-5265.552139282227,-348.77655506134033,22.351522743701935,372.51104736328125,242
243,-5156.936264038086,-240.19091129302979,21.84687852859497,374.0469055175781,243
244,-5047.882843017578,-131.15438222885132,21.42660915851593,375.58905029296875,244
245,-4939.14794921875,-22.40854799747467,20.932386815547943,377.12689208984375,245
246,-4830.279159545898,86.51537299156189,20.663848519325256,378.66693115234375,246
247,-4721.549606323242,195.33095359802246,20.51713317632675,380.2052001953125,247
248,-4612.974166870117,303.99248600006104,20.50808221101761,381.7413024902344,248
249,-4503.955459594727,413.08250427246094,20.687292516231537,383.2835693359375,249
250,-4395.235824584961,521.8443870544434,20.820268988609314,384.8214111328125,250
251,-4286.359024047852,630.7531356811523,21.100832521915436,386.36138916015625,251
252,-4177.498626708984,739.6418571472168,21.48750126361847,387.901123046875,252
253,-4068.8018798828125,848.3752250671387,21.701671183109283,389.4385986328125,253
254,-3959.8487854003906,957.4442863464355,21.910588443279266,390.9802551269531,254
255,-3851.3282775878906,1066.1545753479004,22.044192254543304,392.51629638671875,255
256,-3742.5827026367188,1175.1399040222168,22.172993421554565,394.0558776855469,256
257,-3633.8077545166016,1284.178638458252,22.291111946105957,395.5960693359375,257
258,-3525.250244140625,1393.0143356323242,22.33927696943283,397.1332702636719,258
259,-3416.5294647216797,1502.0163536071777,22.49177396297455,398.67279052734375,259
260,-3307.901382446289,1610.9071731567383,22.58644849061966,400.21087646484375,260
261,-3199.15771484375,1719.8917388916016,22.4840447306633,401.7504577636719,261
262,-3090.484046936035,1828.7969589233398,22.327396273612976,403.2889709472656,262
263,-2981.968116760254,1937.544822692871,22.162166237831116,404.82525634765625,263
264,-2873.052978515625,2046.7084884643555,21.835704147815704,406.3673095703125,264
265,-2764.4737243652344,2155.567741394043,21.40592336654663,407.90484619140625,265
266,-2655.9814453125,2264.347457885742,21.093519032001495,409.4411926269531,266
267,-2547.259521484375,2373.373794555664,20.761941373348236,410.98089599609375,267
268,-2438.66024017334,2482.286834716797,20.595403015613556,412.5189514160156,268
269,-2330.2186965942383,2591.053581237793,20.60026228427887,414.0548400878906,269
270,-2221.2987899780273,2700.286293029785,20.53075134754181,415.597412109375,270
271,-2112.7893447875977,2809.127426147461,20.355702936649323,417.1343078613281,271
272,-2004.0075302124023,2918.239974975586,20.420755445957184,418.675048828125,272
273,-1895.4425811767578,3027.145004272461,20.210599899291992,420.2127990722656,273
274,-1787.0040893554688,3135.938262939453,20.04595696926117,421.7488708496094,274
275,-1678.1368255615234,3245.1629638671875,20.019228756427765,423.291015625,275
276,-1569.5883750915527,3354.076385498047,19.86294388771057,424.8287048339844,276
277,-1460.883903503418,3463.1542205810547,19.68098133802414,426.36865234375,277
278,-1352.1923065185547,3572.2320556640625,19.56656575202942,427.90850830078125,278
279,-1243.678855895996,3681.149673461914,19.552865624427795,429.44598388671875,279
280,-1134.8687171936035,3790.369415283203,19.555506110191345,430.9877014160156,280
281,-1026.490306854248,3899.1867065429688,19.638212025165558,432.52349853515625,281
282,-917.6430702209473,4008.5033416748047,20.00986784696579,434.066162109375,282
283,-809.215259552002,4117.421722412109,20.20120769739151,435.60302734375,283
284,-700.7473468780518,4226.390838623047,20.703254640102386,437.14056396484375,284
285,-591.9834613800049,4335.663604736328,21.42252027988434,438.6823425292969,285
286,-483.6156368255615,4444.532775878906,21.89684808254242,440.21844482421875,286
287,-375.03390312194824,4553.631210327148,22.534377872943878,441.7576904296875,287
288,-266.3987874984741,4662.8204345703125,23.239843547344208,443.2979736328125,288
289,-158.03344249725342,4771.753311157227,23.72099906206131,444.8345031738281,289
290,-49.48057532310486,4880.883407592773,24.832282960414886,446.3738098144531,290
291,59.06190872192383,4990.045547485352,26.10735297203064,447.91326904296875,291
292,167.49193668365479,5099.074172973633,27.107977867126465,449.4509582519531,292
293,276.12011432647705,5208.310317993164,28.183835744857788,450.9915466308594,293
294,384.3940496444702,5317.20085144043,28.936147689819336,452.52716064453125,294
295,493.06421279907227,5426.506423950195,29.116246104240417,454.0684814453125,295
296,601.3985633850098,5535.4827880859375,28.81123721599579,455.6051025390625,296
297,709.752893447876,5644.515228271484,28.863754868507385,457.14227294921875,297
298,818.2506561279297,5753.716278076172,28.91222834587097,458.681640625,298
299,926.6730308532715,5862.86506652832,28.85017991065979,460.2201232910156,299
300,1035.125732421875,5972.053146362305,28.85415554046631,461.75909423828125,300
301,1143.6845779418945,6081.363296508789,29.054978489875793,463.2996826171875,301
302,1251.973533630371,6190.397644042969,29.044514894485474,464.8363952636719,302
303,1360.4622840881348,6299.6429443359375,28.94667387008667,466.3760070800781,303
304,1468.8634872436523,6408.814239501953,28.768667578697205,467.91448974609375,304
305,1577.305793762207,6518.033599853516,28.440555930137634,469.45361328125,305
306,1685.7126235961914,6627.232360839844,28.201863169670105,470.9923400878906,306
307,1793.9725875854492,6736.2762451171875,28.028735518455505,472.5289306640625,307
308,1902.5836944580078,6845.6787109375,27.82900631427765,474.0705261230469,308
309,2010.92529296875,6954.805755615234,27.599740028381348,475.6082763671875,309
310,2119.15340423584,7063.820648193359,27.444511651992798,477.1444396972656,310
311,2227.6288986206055,7173.075866699219,27.23444104194641,478.6840515136719,311
312,2336.0170364379883,7282.219696044922,26.942947506904602,480.2222595214844,312
313,2444.24991607666,7391.1590576171875,26.5956312417984,481.7579040527344,313
314,2552.9884338378906,7500.542449951172,26.222452521324158,483.3002624511719,314
315,2661.362648010254,7609.510040283203,25.53231418132782,484.8371276855469,315
316,2769.76375579834,7718.474578857422,24.88939017057419,486.3741455078125,316
317,2878.558349609375,7827.783966064453,24.30730015039444,487.9163818359375,317
318,2986.900520324707,7936.62109375,23.51604998111725,489.45208740234375,318
319,3095.5163955688477,8045.723724365234,23.00262451171875,490.9916076660156,319
320,3204.1812896728516,8154.850769042969,22.706659138202667,492.5316467285156,320
321,3312.652587890625,8263.764190673828,22.285330295562744,494.06878662109375,321
322,3421.311569213867,8372.846984863281,21.997961401939392,495.60845947265625,322
323,3529.815673828125,8481.758117675781,21.98493331670761,497.14581298828125,323
324,3638.2492065429688,8590.579223632812,22.00876772403717,498.6820373535156,324
325,3747.134017944336,8699.84359741211,22.008004784584045,500.2245788574219,325
326,3855.5835723876953,8808.637237548828,22.062505781650543,501.7607116699219,326
327,3964.194869995117,8917.56820678711,22.350871562957764,503.2989807128906,327
328,4073.017120361328,9026.676177978516,22.427697479724884,504.8399963378906,328
329,4181.4971923828125,9135.41030883789,22.421255707740784,506.3759460449219,329
330,4290.448379516602,9244.599914550781,22.69725650548935,507.9184265136719,330
331,4398.988342285156,9353.364562988281,22.687576711177826,509.45501708984375,331
332,4507.634353637695,9462.236022949219,22.85516858100891,510.99310302734375,332
333,4616.355514526367,9571.178436279297,23.196779191493988,512.5322265625,333
334,4724.951553344727,9680.023193359375,23.446886241436005,514.0697631835938,334
335,4833.689117431641,9789.041900634766,23.70585799217224,515.6095581054688,335
336,4942.338180541992,9897.972869873047,24.105073511600494,517.1480712890625,336
337,5050.818252563477,10006.747436523438,24.495457112789154,518.684326171875,337
338,5159.707260131836,10115.918731689453,24.68460202217102,520.2262573242188,338
339,5268.343734741211,10224.822235107422,24.7086301445961,521.7645263671875,339
340,5377.069091796875,10333.798217773438,24.79635775089264,523.3038940429688,340
341,5485.752105712891,10442.738342285156,24.79570060968399,524.8427124023438,341
342,5594.266891479492,10551.51138305664,24.93416517972946,526.379150390625,342
343,5702.872467041016,10660.386657714844,25.2934068441391,527.9169921875,343
344,5811.719512939453,10769.506072998047,25.720462203025818,529.458251953125,344
345,5920.16716003418,10878.236389160156,25.97995400428772,530.9939575195312,345
346,6029.095458984375,10987.454986572266,26.523518562316895,532.5364990234375,346
347,6137.63313293457,11096.282196044922,26.903194189071655,534.073486328125,347
348,6246.440505981445,11205.411529541016,27.247777581214905,535.6145629882812,348
349,6355.096054077148,11314.405822753906,27.599850296974182,537.153564453125,349
350,6463.706970214844,11423.35205078125,27.942487597465515,538.6919555664062,350
351,6572.373962402344,11532.373809814453,28.052082657814026,540.2312622070312,351
352,6680.8563232421875,11641.224670410156,28.084570169448853,541.76806640625,352
353,6789.620208740234,11750.367736816406,28.04359197616577,543.3088989257812,353
354,6898.186492919922,11859.333038330078,27.758249640464783,544.8471069335938,354
355,7006.5887451171875,11968.155670166016,27.64321267604828,546.3831176757812,355
356,7115.4541015625,12077.44140625,27.690738439559937,547.9256591796875,356
357,7223.931884765625,12186.335754394531,27.535176277160645,549.4627075195312,357
358,7332.4127197265625,12295.242309570312,27.539831399917603,550.9998779296875,358
359,7441.062927246094,12404.312133789062,27.467986941337585,552.5393676757812,359
360,7549.566650390625,12513.247680664062,27.134031057357788,554.076904296875,360
361,7657.965087890625,12622.083282470703,26.79682970046997,555.6129760742188,361
362,7766.600036621094,12731.17446899414,26.505136489868164,557.1525268554688,362
363,7875.129699707031,12840.164184570312,26.270806789398193,558.6906127929688,363
364,7983.502960205078,12949.012756347656,26.021775603294373,560.2266235351562,364
365,8092.317199707031,13058.306884765625,25.786960124969482,561.7688598632812,365
366,8200.761413574219,13167.251586914062,25.62074363231659,563.3060302734375,366
367,8309.15756225586,13276.162719726562,25.527295470237732,564.8426513671875,367
368,8417.951202392578,13385.505676269531,25.348705053329468,566.3851318359375,368
369,8526.273345947266,13494.404602050781,25.191158056259155,567.921142578125,369
370,8634.78775024414,13603.50341796875,25.21510422229767,569.4598999023438,370
371,8743.44482421875,13712.750244140625,25.259172916412354,571.000732421875,371
372,8851.788330078125,13821.66748046875,25.289803743362427,572.5369873046875,372
373,8960.565948486328,13931.033325195312,25.571084022521973,574.0795288085938,373
374,9068.878936767578,14039.938354492188,25.66753625869751,575.615478515625,374
375,9177.62680053711,14149.301147460938,25.87585747241974,577.1577758789062,375
376,9286.052703857422,14258.345031738281,26.013416051864624,578.695556640625,376
377,9394.632720947266,14367.543029785156,26.164886355400085,580.2354736328125,377
378,9503.202819824219,14476.725769042969,26.215535402297974,581.7752075195312,378
379,9611.597442626953,14585.75439453125,26.293906569480896,583.3126220703125,379
380,9720.145416259766,14694.943237304688,26.429569721221924,584.8522338867188,380
381,9828.517150878906,14803.982543945312,26.555967330932617,586.3895874023438,381
382,9936.808776855469,14912.956237792969,26.61679983139038,587.9259033203125,382
383,10045.32699584961,15022.166442871094,26.65770947933197,589.4654541015625,383
384,10153.81088256836,15131.350708007812,26.737964153289795,591.004638671875,384
385,10262.193298339844,15240.444946289062,26.79014801979065,592.5424194335938,385
386,10370.672607421875,15349.658203125,26.939725875854492,594.0817260742188,386
387,10479.045104980469,15458.766174316406,27.229231595993042,595.6195678710938,387
388,10587.572479248047,15568.032836914062,27.55570411682129,597.1596069335938,388
389,10696.073150634766,15677.285766601562,27.8344064950943,598.6993408203125,389
390,10804.40902709961,15786.376953125,28.041228652000427,600.23681640625,390
391,10913.035583496094,15895.756530761719,28.267207741737366,601.7783813476562,391
392,11021.272277832031,16004.713439941406,28.257697820663452,603.314208984375,392
393,11130.038452148438,16114.1357421875,28.281062841415405,604.8570556640625,393
394,11238.389587402344,16223.056030273438,27.959170937538147,606.3934326171875,394
395,11346.881103515625,16332.061767578125,27.612653374671936,607.931396484375,395
396,11455.660247802734,16441.281127929688,27.257660031318665,609.472900390625,396
397,11564.098358154297,16550.06561279297,26.807844638824463,611.0089111328125,397
398,11672.854614257812,16659.107971191406,26.226305961608887,612.5490112304688,398
399,11781.958770751953,16768.331909179688,25.88755488395691,614.0928344726562,399
400,11889.608764648438,16876.08184814453,26.005101203918457,615.615966796875,400
401,12000.555419921875,16987.22381591797,25.57424008846283,617.1864013671875,401
402,12110.187530517578,17097.18475341797,25.50816535949707,618.7391357421875,402
403,12217.839050292969,17205.259704589844,25.59005320072174,620.2645263671875,403
404,12328.132629394531,17316.00341796875,25.144901871681213,621.8275146484375,404
405,12435.763549804688,17424.099731445312,24.982891976833344,623.3529663085938,405
406,12546.244049072266,17535.107421875,24.97764229774475,624.9191284179688,406
407,12653.584289550781,17643.019104003906,24.931171536445618,626.4412231445312,407
408,12763.77944946289,17753.81317138672,25.504133105278015,628.0038452148438,408
409,12870.124816894531,17860.836791992188,26.034706830978394,629.5126342773438,409
410,12978.524780273438,17969.943237304688,26.01095736026764,631.0506591796875,410
411,13089.175415039062,18081.33087158203,25.973811745643616,632.6207275390625,411
412,13195.272827148438,18188.15460205078,25.945785641670227,634.1263427734375,412
413,13303.30810546875,18296.864318847656,25.81249475479126,635.6589965820312,413
414,13413.554382324219,18407.72705078125,25.844421982765198,637.2224731445312,414
415,13526.100158691406,18520.89080810547,26.184499263763428,638.8184814453125,415
416,13633.616638183594,18628.994750976562,26.538991928100586,640.3431396484375,416
417,13742.796325683594,18738.804626464844,26.845720410346985,641.8916625976562,417
418,13853.767395019531,18850.509643554688,27.119168639183044,643.4662475585938,418
419,13966.534423828125,18964.047241210938,27.03695297241211,645.0664672851562,419
420,14073.388671875,19071.743774414062,27.053499221801758,646.5835571289062,420
421,14181.622314453125,19180.85174560547,26.849600672721863,648.1204223632812,421
422,14291.192626953125,19291.392517089844,26.436123251914978,649.6768798828125,422
423,14402.182006835938,19403.49578857422,26.244226098060608,651.25439453125,423
424,14514.764404296875,19517.31719970703,26.36515498161316,652.8553466796875,424
425,14620.726013183594,19624.549865722656,26.541784405708313,654.3629150390625,425
426,14727.944946289062,19733.091735839844,26.7413467168808,655.8886108398438,426
427,14836.331176757812,19842.84210205078,26.712200045585632,657.4310913085938,427
428,14946.044921875,19953.961181640625,26.362189650535583,658.99267578125,428
429,15057.130432128906,20066.513061523438,26.000437140464783,660.5740966796875,429
430,15169.554138183594,20180.45654296875,25.778868794441223,662.1748046875,430
431,15283.406066894531,20295.83740234375,25.723284482955933,663.7957763671875,431
432,15389.695739746094,20403.526306152344,25.85410177707672,665.308837890625,432
433,15497.061157226562,20512.26043701172,26.1273056268692,666.8369140625,433
434,15605.502319335938,20622.010803222656,26.329410076141357,668.3797607421875,434
435,15714.970397949219,20732.754516601562,26.287978887557983,669.9368896484375,435
436,15825.363159179688,20844.38018798828,26.079413294792175,671.5068359375,436
437,15936.309814453125,20956.503295898438,25.60962438583374,673.084228515625,437
438,16047.18017578125,21068.495178222656,24.991124868392944,674.66015625,438
439,16157.716369628906,21180.09033203125,24.63035136461258,676.2308959960938,439
440,16267.90771484375,21291.246032714844,24.646641314029694,677.7960815429688,440
441,16377.557373046875,21401.805114746094,24.93850588798523,679.3532104492188,441
442,16485.960388183594,21511.083984375,25.28654634952545,680.8924560546875,442
443,16592.428588867188,21618.368530273438,25.407612323760986,682.4039306640625,443
444,16705.215454101562,21732.0068359375,25.169867277145386,684.0050048828125,444
445,16814.988708496094,21842.6025390625,25.003784894943237,685.563232421875,445
446,16922.52960205078,21950.927734375,25.061842799186707,687.0896606445312,446
447,17029.278564453125,22058.470153808594,25.267863273620605,688.6049194335938,447
448,17135.68878173828,22165.66619873047,25.432810187339783,690.1153564453125,448
449,17241.773986816406,22272.499084472656,25.332173705101013,691.6209106445312,449
450,17347.5341796875,22378.968811035156,25.07375180721283,693.1216430664062,450
451,17461.05499267578,22493.218994140625,24.763797223567963,694.7322387695312,451
452,17574.18212890625,22607.058715820312,24.559657275676727,696.337158203125,452
453,17686.89422607422,22720.486450195312,24.43501055240631,697.9362182617188,453
454,17799.10430908203,22833.448791503906,24.337196350097656,699.5284423828125,454
455,17910.60791015625,22945.69549560547,24.347853660583496,701.110595703125,455
456,18020.924377441406,23056.76727294922,24.26658868789673,702.6760864257812,456
457,18129.65087890625,23166.29180908203,24.212923645973206,704.2193603515625,457
458,18236.849975585938,23274.282836914062,24.44484829902649,705.740966796875,458
459,18342.620849609375,23380.845642089844,24.62085634469986,707.242431640625,459
460,18454.432678222656,23493.527221679688,24.654561281204224,708.829833984375,460
461,18564.67742919922,23604.612731933594,24.57403689622879,710.3948974609375,461
462,18673.135375976562,23713.888549804688,24.384456872940063,711.9345092773438,462
463,18779.637145996094,23821.185302734375,24.156779050827026,713.4462890625,463
464,18890.731811523438,23933.119201660156,23.942019045352936,715.0233764648438,464
465,18999.021911621094,24042.259216308594,23.794658482074738,716.5608520507812,465
466,19111.026000976562,24155.157470703125,23.718446493148804,718.1511840820312,466
467,19220.08056640625,24265.089416503906,23.71370643377304,719.6996459960938,467
468,19326.83563232422,24372.74169921875,23.689767718315125,721.2157592773438,468
469,19438.13018798828,24485.009765625,23.70070070028305,722.796630859375,469
470,19547.92022705078,24595.709228515625,23.634250462055206,724.355712890625,470
471,19656.149291992188,24704.757690429688,23.452848196029663,725.89208984375,471
472,19762.847900390625,24812.106323242188,23.534119129180908,727.4056396484375,472
473,19873.907470703125,24923.541259765625,23.51450026035309,728.9789428710938,473
474,19983.200073242188,25032.688903808594,23.404434323310852,730.5235595703125,474
475,20090.8447265625,25138.983154296875,23.46251755952835,732.036376953125,475
476,20202.865600585938,25246.839904785156,23.434528708457947,733.5914306640625,476
477,20313.909912109375,25350.03204345703,23.33689033985138,735.1072998046875,477
478,20429.830932617188,25452.932739257812,23.06179404258728,736.6573486328125,478
479,20545.310974121094,25549.851989746094,22.875621914863586,738.1649780273438,479
480,20665.968322753906,25644.793701171875,22.859562933444977,739.7003173828125,480
481,20786.846923828125,25733.828735351562,22.75964766740799,741.2015991210938,481
482,20913.368225097656,25821.728515625,22.79440313577652,742.7421875,482
483,21039.71405029297,25904.6875,23.211777210235596,744.253662109375,483
484,21171.633911132812,25985.104370117188,24.06815141439438,745.7986450195312,484
485,21303.713989257812,26058.6181640625,25.262847542762756,747.310302734375,485
486,21441.30401611328,26127.975463867188,27.45419442653656,748.8512573242188,486
487,21578.562927246094,26191.1376953125,29.65957224369049,750.3623657226562,487
488,21720.98846435547,26250.1220703125,32.20188319683075,751.9041137695312,488
489,21863.525390625,26302.996826171875,34.959593415260315,753.4246215820312,489
490,22006.9091796875,26350.595092773438,37.62195408344269,754.9356079101562,490
491,22152.395629882812,26392.868041992188,40.63124656677246,756.450927734375,491
492,22300.640869140625,26429.144287109375,43.455272912979126,757.9773559570312,492
493,22451.77764892578,26458.712768554688,46.27383053302765,759.5176391601562,493
494,22605.780029296875,26481.631469726562,49.18902516365051,761.0748901367188,494
495,22756.890869140625,26500.750732421875,51.813846826553345,762.5982666015625,495
496,22911.23046875,26518.209838867188,54.36805486679077,764.1517333984375,496
497,23062.623596191406,26532.748413085938,56.86119794845581,765.6728515625,497
498,23217.16766357422,26544.6533203125,59.33651924133301,767.2230834960938,498
499,23368.2373046875,26551.66015625,61.565589904785156,768.735595703125,499
500,23522.085571289062,26552.999877929688,64.0290379524231,770.2743530273438,500
501,23678.42559814453,26548.641967773438,66.67400002479553,771.8385620117188,501
502,23830.245971679688,26539.09912109375,69.00997161865234,773.3599243164062,502
503,23983.949279785156,26523.712158203125,71.65580987930298,774.9048461914062,503
504,24139.736938476562,26503.94287109375,74.44206476211548,776.4754638671875,504
505,24291.110229492188,26483.60595703125,76.93672776222229,778.0029907226562,505
506,24445.3125,26461.58447265625,79.65238094329834,779.5609130859375,506
507,24594.64111328125,26438.436889648438,82.50994086265564,781.0723266601562,507
508,24746.446228027344,26413.040161132812,85.30990481376648,782.6117553710938,508
509,24901.040649414062,26386.077880859375,88.06145191192627,784.1812744140625,509
510,25050.41961669922,26359.219360351562,90.8849835395813,785.6992797851562,510
511,25202.197265625,26331.234741210938,93.90200972557068,787.242919921875,511
512,25356.536865234375,26302.645874023438,96.7224657535553,788.8128051757812,512
513,25505.19561767578,26275.094604492188,99.7040331363678,790.3250122070312,513
514,25656.137084960938,26247.161865234375,102.72607803344727,791.8603515625,514
515,25809.512329101562,26218.756103515625,105.75648546218872,793.4204711914062,515
516,25965.139770507812,26189.715576171875,109.28056240081787,795.0040283203125,516
517,26114.044189453125,26161.285400390625,112.69862651824951,796.5203857421875,517
518,26264.541625976562,26131.18896484375,115.99017381668091,798.0554809570312,518
519,26416.12548828125,26098.953247070312,119.31490898132324,799.6055908203125,519
520,26568.246459960938,26064.495849609375,122.67087697982788,801.1657104492188,520
521,26720.465087890625,26028.2958984375,126.03057622909546,802.730712890625,521
522,26872.4853515625,25991.421508789062,129.51542139053345,804.29541015625,522
523,27023.764038085938,25954.180908203125,133.16127061843872,805.853759765625,523
524,27174.176025390625,25916.595458984375,136.90237998962402,807.4046020507812,524
525,27323.690795898438,25878.677368164062,140.68037271499634,808.9475708007812,525
526,27472.27783203125,25840.451049804688,144.4885492324829,810.4822998046875,526
527,27619.625854492188,25802.001953125,148.305344581604,812.005615234375,527
528,27764.810180664062,25763.250732421875,152.16060876846313,813.5087890625,528
529,27915.066528320312,25721.340942382812,156.17074966430664,815.0692138671875,529
530,28061.325073242188,25678.277587890625,160.08739471435547,816.5943603515625,530
531,28211.383056640625,25631.500244140625,164.19799327850342,818.1666870117188,531
532,28357.025146484375,25583.39080810547,168.14242601394653,819.7009887695312,532
533,28505.349731445312,25531.03485107422,172.15474843978882,821.2744140625,533
534,28648.13232421875,25476.65252685547,176.11455917358398,822.8027954101562,534
535,28792.056274414062,25417.454528808594,180.1021695137024,824.3595581054688,535
536,28929.891967773438,25356.23321533203,184.0177059173584,825.8682861328125,536
537,29067.76123046875,25290.325927734375,188.10992240905762,827.39697265625,537
538,29204.873657226562,25219.924926757812,192.1334147453308,828.9387817382812,538
539,29340.292358398438,25145.14923095703,196.17024660110474,830.4862060546875,539
540,29473.428344726562,25066.10565185547,200.37474632263184,832.0350952148438,540
541,29604.623413085938,24983.71124267578,204.56140041351318,833.5848999023438,541
542,29733.233642578125,24898.231506347656,208.62083435058594,835.1296997070312,542
543,29858.047485351562,24809.677124023438,212.84403800964355,836.66064453125,543
544,29979.031372070312,24718.775939941406,216.68505668640137,838.1744384765625,544
545,30099.76806640625,24622.09014892578,220.40555477142334,839.7216796875,545
546,30217.138671875,24521.173095703125,223.94907474517822,841.27001953125,546
547,30329.351806640625,24418.080139160156,227.18780040740967,842.794189453125,547
548,30438.00048828125,24311.611938476562,230.0422191619873,844.3156127929688,548
549,30543.368530273438,24200.575256347656,232.69143104553223,845.8465576171875,549
550,30643.182373046875,24083.963012695312,235.16530990600586,847.3817138671875,550
551,30734.628295898438,23963.072204589844,237.21156120300293,848.8976440429688,551
552,30820.61767578125,23835.29510498047,239.12570476531982,850.4379272460938,552
553,30901.544189453125,23703.726196289062,240.88411331176758,851.982666015625,553
554,30975.460815429688,23570.848083496094,242.26210117340088,853.5032348632812,554
555,31047.756958007812,23434.1064453125,243.50032806396484,855.050048828125,555
556,31114.434814453125,23297.059631347656,244.81499195098877,856.5741577148438,556
557,31175.13427734375,23155.625915527344,245.91686725616455,858.11328125,557
558,31229.312133789062,23010.443115234375,246.82846069335938,859.6629028320312,558
559,31274.432373046875,22866.96014404297,247.56946563720703,861.1669921875,559
560,31312.8173828125,22720.018005371094,248.09072017669678,862.6857299804688,560
561,31345.455932617188,22569.334411621094,248.21734428405762,864.2275390625,561
562,31373.019409179688,22419.911193847656,248.01361560821533,865.7470092773438,562
563,31398.324584960938,22267.03338623047,247.68733978271484,867.2965698242188,563
564,31419.802856445312,22116.02325439453,247.2895622253418,868.8218994140625,564
565,31438.232421875,21961.859130859375,246.93868160247803,870.37451171875,565
566,31451.962280273438,21811.700439453125,246.57578468322754,871.8823852539062,566
567,31461.331176757812,21661.79962158203,246.1050271987915,873.3843383789062,567
568,31468.804931640625,21510.520935058594,246.0371494293213,874.8989868164062,568
569,31472.296142578125,21359.55810546875,245.7911491394043,876.4089965820312,569
570,31470.41015625,21208.48846435547,245.67937850952148,877.9197998046875,570
571,31465.463256835938,21055.087280273438,245.79243659973145,879.45458984375,571
572,31456.573486328125,20903.872680664062,246.07572555541992,880.9693603515625,572
573,31443.154907226562,20751.461791992188,246.54550552368164,882.4993896484375,573
574,31424.03564453125,20601.992797851562,247.12142944335938,884.0062866210938,574
575,31399.331665039062,20451.89666748047,247.59821891784668,885.5274658203125,575
576,31376.385498046875,20303.529357910156,248.28195571899414,887.02880859375,576
577,31352.77099609375,20154.12139892578,249.14662837982178,888.5414428710938,577
578,31324.932861328125,20006.17218017578,249.71845149993896,890.0469360351562,578
