"Name","Platform","Compiles","CompilesDouble","Uses","UsesDouble","PermutationString"
"/Engine/EditorMaterials/PhAT_NoCollisionMaterial.PhAT_NoCollisionMaterial","0","0","0","5","0","Compiling PhAT_NoCollisionMaterial: Platform=PCD3D_SM5, Usage=LightingModel=MSM_Unlit, BlendMode=BLEND_Translucent, SpecialEngine=0, TwoSided=0, TSNormal=1, Masked=0, Distorted=0, WritesEveryPixel=1, ModifiesMeshPosition=0, Usage={}"
"/ControlRig/Controls/ControlRigXRayMaterial.ControlRigXRayMaterial","0","0","0","9","0","Compiling ControlRigXRayMaterial: Platform=PCD3D_SM5, Usage=LightingModel=MSM_Unlit, BlendMode=BLEND_Translucent, SpecialEngine=0, TwoSided=0, TSNormal=1, Masked=0, Distorted=0, WritesEveryPixel=1, ModifiesMeshPosition=1, Usage={bUsedWithStaticLighting}"
"/Engine/EditorMaterials/PhAT_UnselectedMaterial.PhAT_UnselectedMaterial","0","0","0","5","0","Compiling PhAT_UnselectedMaterial: Platform=PCD3D_SM5, Usage=LightingModel=MSM_Unlit, BlendMode=BLEND_Translucent, SpecialEngine=0, TwoSided=0, TSNormal=1, Masked=0, Distorted=0, WritesEveryPixel=1, ModifiesMeshPosition=0, Usage={}"
"/MeshModelingToolset/Materials/M_DynamicMeshComponentVtxColor.M_DynamicMeshComponentVtxColor","0","0","0","18","0","Compiling M_DynamicMeshComponentVtxColor: Platform=PCD3D_SM5, Usage=LightingModel=MSM_DefaultLit, BlendMode=BLEND_Opaque, SpecialEngine=0, TwoSided=1, TSNormal=1, Masked=0, Distorted=0, WritesEveryPixel=1, ModifiesMeshPosition=0, Usage={}"
"/Engine/EngineMaterials/GizmoMaterial.GizmoMaterial","0","0","0","6","0","Compiling GizmoMaterial: Platform=PCD3D_SM5, Usage=LightingModel=MSM_Unlit, BlendMode=BLEND_Opaque, SpecialEngine=0, TwoSided=1, TSNormal=1, Masked=0, Distorted=0, WritesEveryPixel=1, ModifiesMeshPosition=0, Usage={}"
"/Engine/EngineDebugMaterials/DebugMeshMaterial.DebugMeshMaterial","0","0","0","7","0","Compiling DebugMeshMaterial: Platform=PCD3D_SM5, Usage=LightingModel=MSM_Unlit, BlendMode=BLEND_Translucent, SpecialEngine=0, TwoSided=1, TSNormal=1, Masked=0, Distorted=0, WritesEveryPixel=1, ModifiesMeshPosition=0, Usage={}"
"/Engine/EngineMaterials/RemoveSurfaceMaterial.RemoveSurfaceMaterial","0","0","0","4","0","Compiling RemoveSurfaceMaterial: Platform=PCD3D_SM5, Usage=LightingModel=MSM_Unlit, BlendMode=BLEND_Opaque, SpecialEngine=0, TwoSided=0, TSNormal=1, Masked=0, Distorted=0, WritesEveryPixel=1, ModifiesMeshPosition=0, Usage={bUsedWithStaticLighting}"
"/Engine/EditorLandscapeResources/SplineEditorMeshMat.SplineEditorMeshMat","0","0","0","12","0","Compiling SplineEditorMeshMat: Platform=PCD3D_SM5, Usage=LightingModel=MSM_Unlit, BlendMode=BLEND_Opaque, SpecialEngine=0, TwoSided=1, TSNormal=1, Masked=0, Distorted=0, WritesEveryPixel=1, ModifiesMeshPosition=0, Usage={bUsedWithSplineMeshes}"
"/Engine/EngineDebugMaterials/M_SimpleUnlitTranslucent.M_SimpleUnlitTranslucent","0","0","0","5","0","Compiling M_SimpleUnlitTranslucent: Platform=PCD3D_SM5, Usage=LightingModel=MSM_Unlit, BlendMode=BLEND_Translucent, SpecialEngine=0, TwoSided=0, TSNormal=1, Masked=0, Distorted=0, WritesEveryPixel=1, ModifiesMeshPosition=0, Usage={}"
"/Engine/EditorMaterials/Camera/CineMat.CineMat","0","0","0","28","0","Compiling CineMat: Platform=PCD3D_SM5, Usage=LightingModel=MSM_DefaultLit, BlendMode=BLEND_Opaque, SpecialEngine=0, TwoSided=0, TSNormal=1, Masked=0, Distorted=0, WritesEveryPixel=1, ModifiesMeshPosition=0, Usage={bUsedWithSplineMeshes}"
"/Engine/VREditor/TransformGizmo/Xray.Xray","0","0","0","14","0","Compiling Xray: Platform=PCD3D_SM5, Usage=LightingModel=MSM_DefaultLit, BlendMode=BLEND_Opaque, SpecialEngine=0, TwoSided=0, TSNormal=1, Masked=0, Distorted=0, WritesEveryPixel=1, ModifiesMeshPosition=0, Usage={}"
"/Engine/VREditor/TransformGizmo/Main.Main","0","0","0","5","0","Compiling Main: Platform=PCD3D_SM5, Usage=LightingModel=MSM_Unlit, BlendMode=BLEND_Translucent, SpecialEngine=0, TwoSided=0, TSNormal=1, Masked=0, Distorted=0, WritesEveryPixel=1, ModifiesMeshPosition=0, Usage={}"
"/Engine/VREditor/TransformGizmo/TranslucentTransformGizmoMaterial.TranslucentTransformGizmoMaterial","0","0","0","5","0","Compiling TranslucentTransformGizmoMaterial: Platform=PCD3D_SM5, Usage=LightingModel=MSM_Unlit, BlendMode=BLEND_Translucent, SpecialEngine=0, TwoSided=0, TSNormal=1, Masked=0, Distorted=0, WritesEveryPixel=1, ModifiesMeshPosition=0, Usage={}"
"/Engine/EngineMaterials/DefaultLightFunctionMaterial.DefaultLightFunctionMaterial","0","0","0","145","0","Compiling DefaultLightFunctionMaterial: Platform=PCD3D_SM5, Usage=LightingModel=MSM_Unlit, BlendMode=BLEND_Opaque, SpecialEngine=0, TwoSided=0, TSNormal=1, Masked=0, Distorted=0, WritesEveryPixel=1, ModifiesMeshPosition=0, Usage={}"
"/Paper2D/DefaultSpriteMaterial.DefaultSpriteMaterial","0","0","0","34","0","Compiling DefaultSpriteMaterial: Platform=PCD3D_SM5, Usage=LightingModel=MSM_Unlit, BlendMode=BLEND_Masked, SpecialEngine=0, TwoSided=1, TSNormal=1, Masked=1, Distorted=0, WritesEveryPixel=0, ModifiesMeshPosition=0, Usage={bUsedWithNiagaraSprites}"
"/Paper2D/DefaultSpriteMaterial.DefaultSpriteMaterial","0","0","0","12","0","Compiling DefaultSpriteMaterial: Platform=PCD3D_SM5, Usage=LightingModel=MSM_Unlit, BlendMode=BLEND_Opaque, SpecialEngine=0, TwoSided=1, TSNormal=1, Masked=0, Distorted=0, WritesEveryPixel=1, ModifiesMeshPosition=0, Usage={bUsedWithNiagaraSprites}"
"/Engine/EngineMaterials/FlattenMaterial_WS_Normal_VT.FlattenMaterial_WS_Normal_VT","0","0","0","37","0","Compiling FlattenMaterial_WS_Normal_VT: Platform=PCD3D_SM5, Usage=LightingModel=MSM_DefaultLit, BlendMode=BLEND_Opaque, SpecialEngine=0, TwoSided=0, TSNormal=0, Masked=0, Distorted=0, WritesEveryPixel=1, ModifiesMeshPosition=0, Usage={bUsedWithSkeletalMesh,bUsedWithStaticLighting,bUsedWithMorphTargets,bUsedWithNanite}"
"/Engine/EngineMaterials/FlattenMaterial_VT.FlattenMaterial_VT","0","0","0","37","0","Compiling FlattenMaterial_VT: Platform=PCD3D_SM5, Usage=LightingModel=MSM_DefaultLit, BlendMode=BLEND_Opaque, SpecialEngine=0, TwoSided=0, TSNormal=1, Masked=0, Distorted=0, WritesEveryPixel=1, ModifiesMeshPosition=0, Usage={bUsedWithSkeletalMesh,bUsedWithStaticLighting,bUsedWithMorphTargets,bUsedWithNanite}"
"/Engine/EngineMaterials/FlattenMaterial.FlattenMaterial","0","0","0","37","0","Compiling FlattenMaterial: Platform=PCD3D_SM5, Usage=LightingModel=MSM_DefaultLit, BlendMode=BLEND_Opaque, SpecialEngine=0, TwoSided=0, TSNormal=1, Masked=0, Distorted=0, WritesEveryPixel=1, ModifiesMeshPosition=0, Usage={bUsedWithSkeletalMesh,bUsedWithStaticLighting,bUsedWithMorphTargets,bUsedWithNanite}"
"/Engine/EngineMaterials/M_InvalidLightmapSettings.M_InvalidLightmapSettings","0","0","0","28","0","Compiling M_InvalidLightmapSettings: Platform=PCD3D_SM5, Usage=LightingModel=MSM_DefaultLit, BlendMode=BLEND_Opaque, SpecialEngine=0, TwoSided=0, TSNormal=1, Masked=0, Distorted=0, WritesEveryPixel=1, ModifiesMeshPosition=0, Usage={bUsedWithInstancedStaticMeshes}"
"/Engine/EngineMaterials/EmissiveMeshMaterial.EmissiveMeshMaterial","0","0","0","7","0","Compiling EmissiveMeshMaterial: Platform=PCD3D_SM5, Usage=LightingModel=MSM_Unlit, BlendMode=BLEND_Additive, SpecialEngine=0, TwoSided=1, TSNormal=1, Masked=0, Distorted=0, WritesEveryPixel=1, ModifiesMeshPosition=0, Usage={}"
"/Engine/EngineMaterials/PhAT_JointLimitMaterial.PhAT_JointLimitMaterial","0","0","0","9","0","Compiling PhAT_JointLimitMaterial: Platform=PCD3D_SM5, Usage=LightingModel=MSM_Unlit, BlendMode=BLEND_Translucent, SpecialEngine=0, TwoSided=1, TSNormal=1, Masked=0, Distorted=0, WritesEveryPixel=1, ModifiesMeshPosition=1, Usage={}"
"/ControlRig/M_Manip.M_Manip","0","0","0","9","0","Compiling M_Manip: Platform=PCD3D_SM5, Usage=LightingModel=MSM_Unlit, BlendMode=BLEND_Translucent, SpecialEngine=0, TwoSided=0, TSNormal=1, Masked=0, Distorted=0, WritesEveryPixel=1, ModifiesMeshPosition=1, Usage={}"
"/Engine/EngineDebugMaterials/M_VolumeRenderSphereTracePP.M_VolumeRenderSphereTracePP","0","0","0","6","0","Compiling M_VolumeRenderSphereTracePP: Platform=PCD3D_SM5, Usage=LightingModel=MSM_Unlit, BlendMode=BLEND_Opaque, SpecialEngine=0, TwoSided=0, TSNormal=1, Masked=0, Distorted=0, WritesEveryPixel=1, ModifiesMeshPosition=0, Usage={}"
"/Engine/VREditor/TransformGizmo/TransformGizmoMaterial.TransformGizmoMaterial","0","0","0","4","0","Compiling TransformGizmoMaterial: Platform=PCD3D_SM5, Usage=LightingModel=MSM_Unlit, BlendMode=BLEND_Opaque, SpecialEngine=0, TwoSided=0, TSNormal=1, Masked=0, Distorted=0, WritesEveryPixel=1, ModifiesMeshPosition=0, Usage={}"
"/Engine/EditorMaterials/WorldPartition/WorldPartitionSpatialHashGridPreviewMaterial.WorldPartitionSpatialHashGridPreviewMaterial","0","0","0","6","0","Compiling WorldPartitionSpatialHashGridPreviewMaterial: Platform=PCD3D_SM5, Usage=LightingModel=MSM_Unlit, BlendMode=BLEND_Opaque, SpecialEngine=0, TwoSided=0, TSNormal=1, Masked=0, Distorted=0, WritesEveryPixel=1, ModifiesMeshPosition=0, Usage={}"
"/Engine/EngineMaterials/Widget3DPassThrough.Widget3DPassThrough","0","0","0","5","5","Compiling Widget3DPassThrough: Platform=PCD3D_SM5, Usage=LightingModel=MSM_Unlit, BlendMode=BLEND_Translucent, SpecialEngine=0, TwoSided=0, TSNormal=1, Masked=0, Distorted=0, WritesEveryPixel=1, ModifiesMeshPosition=0, Usage={}"
"/Engine/EngineMaterials/Widget3DPassThrough.Widget3DPassThrough","0","0","0","17","0","Compiling Widget3DPassThrough: Platform=PCD3D_SM5, Usage=LightingModel=MSM_Unlit, BlendMode=BLEND_Masked, SpecialEngine=0, TwoSided=0, TSNormal=1, Masked=1, Distorted=0, WritesEveryPixel=0, ModifiesMeshPosition=0, Usage={}"
"/Engine/EngineMaterials/Widget3DPassThrough.Widget3DPassThrough","0","0","0","4","0","Compiling Widget3DPassThrough: Platform=PCD3D_SM5, Usage=LightingModel=MSM_Unlit, BlendMode=BLEND_Opaque, SpecialEngine=0, TwoSided=0, TSNormal=1, Masked=0, Distorted=0, WritesEveryPixel=1, ModifiesMeshPosition=0, Usage={}"
"/Engine/EngineMaterials/Widget3DPassThrough.Widget3DPassThrough","0","0","0","7","0","Compiling Widget3DPassThrough: Platform=PCD3D_SM5, Usage=LightingModel=MSM_Unlit, BlendMode=BLEND_Translucent, SpecialEngine=0, TwoSided=1, TSNormal=1, Masked=0, Distorted=0, WritesEveryPixel=1, ModifiesMeshPosition=0, Usage={}"
"/Engine/EngineMaterials/Widget3DPassThrough.Widget3DPassThrough","0","0","0","17","0","Compiling Widget3DPassThrough: Platform=PCD3D_SM5, Usage=LightingModel=MSM_Unlit, BlendMode=BLEND_Masked, SpecialEngine=0, TwoSided=1, TSNormal=1, Masked=1, Distorted=0, WritesEveryPixel=0, ModifiesMeshPosition=0, Usage={}"
"/Engine/EngineMaterials/Widget3DPassThrough.Widget3DPassThrough","0","0","0","6","0","Compiling Widget3DPassThrough: Platform=PCD3D_SM5, Usage=LightingModel=MSM_Unlit, BlendMode=BLEND_Opaque, SpecialEngine=0, TwoSided=1, TSNormal=1, Masked=0, Distorted=0, WritesEveryPixel=1, ModifiesMeshPosition=0, Usage={}"
"/Engine/EngineSky/VolumetricClouds/m_SimpleVolumetricCloud.m_SimpleVolumetricCloud","0","0","0","53","0","Compiling m_SimpleVolumetricCloud: Platform=PCD3D_SM5, Usage=LightingModel=MSM_DefaultLit, BlendMode=BLEND_Additive, SpecialEngine=0, TwoSided=0, TSNormal=1, Masked=0, Distorted=0, WritesEveryPixel=1, ModifiesMeshPosition=0, Usage={}"
"/Engine/EngineMaterials/DefaultPostProcessMaterial.DefaultPostProcessMaterial","0","0","0","10","0","Compiling DefaultPostProcessMaterial: Platform=PCD3D_SM5, Usage=LightingModel=MSM_Unlit, BlendMode=BLEND_Opaque, SpecialEngine=0, TwoSided=0, TSNormal=1, Masked=0, Distorted=0, WritesEveryPixel=1, ModifiesMeshPosition=0, Usage={bUsedWithSkeletalMesh,bUsedWithStaticLighting}"
"/Engine/EngineMaterials/DefaultDeferredDecalMaterial.DefaultDeferredDecalMaterial","0","0","0","93","0","Compiling DefaultDeferredDecalMaterial: Platform=PCD3D_SM5, Usage=LightingModel=MSM_DefaultLit, BlendMode=BLEND_Translucent, SpecialEngine=0, TwoSided=0, TSNormal=1, Masked=0, Distorted=0, WritesEveryPixel=1, ModifiesMeshPosition=0, Usage={bUsedWithSkeletalMesh,bUsedWithStaticLighting,bUsedWithSplineMeshes}"
"/Engine/EngineMaterials/DefaultMaterial.DefaultMaterial","0","0","0","139","0","Compiling DefaultMaterial: Platform=PCD3D_SM5, Usage=LightingModel=MSM_DefaultLit, BlendMode=BLEND_Opaque, SpecialEngine=0, TwoSided=0, TSNormal=1, Masked=0, Distorted=0, WritesEveryPixel=1, ModifiesMeshPosition=0, Usage={bUsedWithSkeletalMesh,bUsedWithMeshParticles,bUsedWithStaticLighting,bUsedWithSplineMeshes,bUsedWithInstancedStaticMeshes,bUsedWithNiagaraSprites,bUsedWithNiagaraRibbons,bUsedWithNiagaraMeshParticles}"
"/Engine/EngineMaterials/WorldGridMaterial.WorldGridMaterial","0","0","0","679","0","Compiling WorldGridMaterial: Platform=PCD3D_SM5, Usage=LightingModel=MSM_DefaultLit, BlendMode=BLEND_Opaque, SpecialEngine=1, TwoSided=0, TSNormal=1, Masked=0, Distorted=0, WritesEveryPixel=1, ModifiesMeshPosition=0, Usage={}"
"/Engine/EngineMaterials/DefaultTextMaterialOpaque.DefaultTextMaterialOpaque","0","0","0","29","0","Compiling DefaultTextMaterialOpaque: Platform=PCD3D_SM5, Usage=LightingModel=MSM_DefaultLit, BlendMode=BLEND_Masked, SpecialEngine=0, TwoSided=1, TSNormal=1, Masked=1, Distorted=0, WritesEveryPixel=0, ModifiesMeshPosition=0, Usage={}"
"/Game/TrackBridge/KalinagoScene/Run_2b0d5b5e7e44432db837463ecc98aa91/Materials/M_10_trees_3d_0.M_10_trees_3d_0","0","0","0","14","0","Compiling M_10_trees_3d_0: Platform=PCD3D_SM5, Usage=LightingModel=MSM_DefaultLit, BlendMode=BLEND_Opaque, SpecialEngine=0, TwoSided=0, TSNormal=1, Masked=0, Distorted=0, WritesEveryPixel=1, ModifiesMeshPosition=0, Usage={}"
"/Game/TrackBridge/KalinagoScene/Run_2b0d5b5e7e44432db837463ecc98aa91/Materials/M_10_trees_3d_1.M_10_trees_3d_1","0","0","0","14","0","Compiling M_10_trees_3d_1: Platform=PCD3D_SM5, Usage=LightingModel=MSM_DefaultLit, BlendMode=BLEND_Opaque, SpecialEngine=0, TwoSided=0, TSNormal=1, Masked=0, Distorted=0, WritesEveryPixel=1, ModifiesMeshPosition=0, Usage={}"
"/Game/TrackBridge/KalinagoScene/Run_2b0d5b5e7e44432db837463ecc98aa91/Materials/M_1_00_kalinago_62.M_1_00_kalinago_62","0","0","0","29","0","Compiling M_1_00_kalinago_62: Platform=PCD3D_SM5, Usage=LightingModel=MSM_DefaultLit, BlendMode=BLEND_Masked, SpecialEngine=0, TwoSided=1, TSNormal=1, Masked=1, Distorted=0, WritesEveryPixel=0, ModifiesMeshPosition=0, Usage={}"
"/Game/TrackBridge/KalinagoScene/Run_2b0d5b5e7e44432db837463ecc98aa91/Materials/M_22_flags_f1_0.M_22_flags_f1_0","0","0","0","14","0","Compiling M_22_flags_f1_0: Platform=PCD3D_SM5, Usage=LightingModel=MSM_DefaultLit, BlendMode=BLEND_Opaque, SpecialEngine=0, TwoSided=0, TSNormal=1, Masked=0, Distorted=0, WritesEveryPixel=1, ModifiesMeshPosition=0, Usage={}"
"/Game/TrackBridge/KalinagoScene/Run_2b0d5b5e7e44432db837463ecc98aa91/Materials/M_1_00_kalinago_14.M_1_00_kalinago_14","0","0","0","14","0","Compiling M_1_00_kalinago_14: Platform=PCD3D_SM5, Usage=LightingModel=MSM_DefaultLit, BlendMode=BLEND_Opaque, SpecialEngine=0, TwoSided=0, TSNormal=1, Masked=0, Distorted=0, WritesEveryPixel=1, ModifiesMeshPosition=0, Usage={}"
"/Game/TrackBridge/KalinagoScene/Run_2b0d5b5e7e44432db837463ecc98aa91/Materials/M_15_lights_3.M_15_lights_3","0","0","0","14","0","Compiling M_15_lights_3: Platform=PCD3D_SM5, Usage=LightingModel=MSM_DefaultLit, BlendMode=BLEND_Opaque, SpecialEngine=0, TwoSided=0, TSNormal=1, Masked=0, Distorted=0, WritesEveryPixel=1, ModifiesMeshPosition=0, Usage={}"
"/Game/TrackBridge/KalinagoScene/Run_2b0d5b5e7e44432db837463ecc98aa91/Materials/M_10_trees_3d_2.M_10_trees_3d_2","0","0","0","29","0","Compiling M_10_trees_3d_2: Platform=PCD3D_SM5, Usage=LightingModel=MSM_DefaultLit, BlendMode=BLEND_Masked, SpecialEngine=0, TwoSided=1, TSNormal=1, Masked=1, Distorted=0, WritesEveryPixel=0, ModifiesMeshPosition=0, Usage={}"
"/Game/TrackBridge/KalinagoScene/Run_2b0d5b5e7e44432db837463ecc98aa91/Materials/M_10_trees_3d_3.M_10_trees_3d_3","0","0","0","29","0","Compiling M_10_trees_3d_3: Platform=PCD3D_SM5, Usage=LightingModel=MSM_DefaultLit, BlendMode=BLEND_Masked, SpecialEngine=0, TwoSided=1, TSNormal=1, Masked=1, Distorted=0, WritesEveryPixel=0, ModifiesMeshPosition=0, Usage={}"
"/Game/TrackBridge/KalinagoScene/Run_2b0d5b5e7e44432db837463ecc98aa91/Materials/M_10_trees_3d_4.M_10_trees_3d_4","0","0","0","29","0","Compiling M_10_trees_3d_4: Platform=PCD3D_SM5, Usage=LightingModel=MSM_DefaultLit, BlendMode=BLEND_Masked, SpecialEngine=0, TwoSided=1, TSNormal=1, Masked=1, Distorted=0, WritesEveryPixel=0, ModifiesMeshPosition=0, Usage={}"
"/Game/TrackBridge/KalinagoScene/Run_2b0d5b5e7e44432db837463ecc98aa91/Materials/M_10_trees_3d_5.M_10_trees_3d_5","0","0","0","29","0","Compiling M_10_trees_3d_5: Platform=PCD3D_SM5, Usage=LightingModel=MSM_DefaultLit, BlendMode=BLEND_Masked, SpecialEngine=0, TwoSided=1, TSNormal=1, Masked=1, Distorted=0, WritesEveryPixel=0, ModifiesMeshPosition=0, Usage={}"
"/Game/TrackBridge/KalinagoScene/Run_2b0d5b5e7e44432db837463ecc98aa91/Materials/M_11_treewalls_0.M_11_treewalls_0","0","0","0","29","0","Compiling M_11_treewalls_0: Platform=PCD3D_SM5, Usage=LightingModel=MSM_DefaultLit, BlendMode=BLEND_Masked, SpecialEngine=0, TwoSided=1, TSNormal=1, Masked=1, Distorted=0, WritesEveryPixel=0, ModifiesMeshPosition=0, Usage={}"
"/Game/TrackBridge/KalinagoScene/Run_2b0d5b5e7e44432db837463ecc98aa91/Materials/M_14_skidmarks_0.M_14_skidmarks_0","0","0","0","20","0","Compiling M_14_skidmarks_0: Platform=PCD3D_SM5, Usage=LightingModel=MSM_DefaultLit, BlendMode=BLEND_Translucent, SpecialEngine=0, TwoSided=0, TSNormal=1, Masked=0, Distorted=0, WritesEveryPixel=1, ModifiesMeshPosition=0, Usage={}"
"/Game/TrackBridge/KalinagoScene/Run_2b0d5b5e7e44432db837463ecc98aa91/Materials/M_14_skidmarks_1.M_14_skidmarks_1","0","0","0","20","0","Compiling M_14_skidmarks_1: Platform=PCD3D_SM5, Usage=LightingModel=MSM_DefaultLit, BlendMode=BLEND_Translucent, SpecialEngine=0, TwoSided=0, TSNormal=1, Masked=0, Distorted=0, WritesEveryPixel=1, ModifiesMeshPosition=0, Usage={}"
"/Game/TrackBridge/KalinagoScene/Run_2b0d5b5e7e44432db837463ecc98aa91/Materials/M_15_lights_0.M_15_lights_0","0","0","0","14","0","Compiling M_15_lights_0: Platform=PCD3D_SM5, Usage=LightingModel=MSM_DefaultLit, BlendMode=BLEND_Opaque, SpecialEngine=0, TwoSided=0, TSNormal=1, Masked=0, Distorted=0, WritesEveryPixel=1, ModifiesMeshPosition=0, Usage={}"
"/Game/TrackBridge/KalinagoScene/Run_2b0d5b5e7e44432db837463ecc98aa91/Materials/M_15_lights_1.M_15_lights_1","0","0","0","14","0","Compiling M_15_lights_1: Platform=PCD3D_SM5, Usage=LightingModel=MSM_DefaultLit, BlendMode=BLEND_Opaque, SpecialEngine=0, TwoSided=0, TSNormal=1, Masked=0, Distorted=0, WritesEveryPixel=1, ModifiesMeshPosition=0, Usage={}"
"/Game/TrackBridge/KalinagoScene/Run_2b0d5b5e7e44432db837463ecc98aa91/Materials/M_17_ads_f1_6.M_17_ads_f1_6","0","0","0","14","0","Compiling M_17_ads_f1_6: Platform=PCD3D_SM5, Usage=LightingModel=MSM_DefaultLit, BlendMode=BLEND_Opaque, SpecialEngine=0, TwoSided=0, TSNormal=1, Masked=0, Distorted=0, WritesEveryPixel=1, ModifiesMeshPosition=0, Usage={}"
"/Game/TrackBridge/KalinagoScene/Run_2b0d5b5e7e44432db837463ecc98aa91/Materials/M_1_00_kalinago_11.M_1_00_kalinago_11","0","0","0","14","0","Compiling M_1_00_kalinago_11: Platform=PCD3D_SM5, Usage=LightingModel=MSM_DefaultLit, BlendMode=BLEND_Opaque, SpecialEngine=0, TwoSided=0, TSNormal=1, Masked=0, Distorted=0, WritesEveryPixel=1, ModifiesMeshPosition=0, Usage={}"
"/Game/TrackBridge/KalinagoScene/Run_2b0d5b5e7e44432db837463ecc98aa91/Materials/M_15_lights_2.M_15_lights_2","0","0","0","14","0","Compiling M_15_lights_2: Platform=PCD3D_SM5, Usage=LightingModel=MSM_DefaultLit, BlendMode=BLEND_Opaque, SpecialEngine=0, TwoSided=0, TSNormal=1, Masked=0, Distorted=0, WritesEveryPixel=1, ModifiesMeshPosition=0, Usage={}"
"/Game/TrackBridge/KalinagoScene/Run_2b0d5b5e7e44432db837463ecc98aa91/Materials/M_15_lights_8.M_15_lights_8","0","0","0","14","0","Compiling M_15_lights_8: Platform=PCD3D_SM5, Usage=LightingModel=MSM_DefaultLit, BlendMode=BLEND_Opaque, SpecialEngine=0, TwoSided=0, TSNormal=1, Masked=0, Distorted=0, WritesEveryPixel=1, ModifiesMeshPosition=0, Usage={}"
"/Game/TrackBridge/KalinagoScene/Run_2b0d5b5e7e44432db837463ecc98aa91/Materials/M_15_lights_9.M_15_lights_9","0","0","0","14","0","Compiling M_15_lights_9: Platform=PCD3D_SM5, Usage=LightingModel=MSM_DefaultLit, BlendMode=BLEND_Opaque, SpecialEngine=0, TwoSided=0, TSNormal=1, Masked=0, Distorted=0, WritesEveryPixel=1, ModifiesMeshPosition=0, Usage={}"
"/Game/TrackBridge/KalinagoScene/Run_2b0d5b5e7e44432db837463ecc98aa91/Materials/M_15_lights_4.M_15_lights_4","0","0","0","14","0","Compiling M_15_lights_4: Platform=PCD3D_SM5, Usage=LightingModel=MSM_DefaultLit, BlendMode=BLEND_Opaque, SpecialEngine=0, TwoSided=0, TSNormal=1, Masked=0, Distorted=0, WritesEveryPixel=1, ModifiesMeshPosition=0, Usage={}"
"/Game/TrackBridge/KalinagoScene/Run_2b0d5b5e7e44432db837463ecc98aa91/Materials/M_15_lights_5.M_15_lights_5","0","0","0","14","0","Compiling M_15_lights_5: Platform=PCD3D_SM5, Usage=LightingModel=MSM_DefaultLit, BlendMode=BLEND_Opaque, SpecialEngine=0, TwoSided=0, TSNormal=1, Masked=0, Distorted=0, WritesEveryPixel=1, ModifiesMeshPosition=0, Usage={}"
"/Game/TrackBridge/KalinagoScene/Run_2b0d5b5e7e44432db837463ecc98aa91/Materials/M_15_lights_10.M_15_lights_10","0","0","0","14","0","Compiling M_15_lights_10: Platform=PCD3D_SM5, Usage=LightingModel=MSM_DefaultLit, BlendMode=BLEND_Opaque, SpecialEngine=0, TwoSided=0, TSNormal=1, Masked=0, Distorted=0, WritesEveryPixel=1, ModifiesMeshPosition=0, Usage={}"
"/Game/TrackBridge/KalinagoScene/Run_2b0d5b5e7e44432db837463ecc98aa91/Materials/M_15_lights_11.M_15_lights_11","0","0","0","14","0","Compiling M_15_lights_11: Platform=PCD3D_SM5, Usage=LightingModel=MSM_DefaultLit, BlendMode=BLEND_Opaque, SpecialEngine=0, TwoSided=0, TSNormal=1, Masked=0, Distorted=0, WritesEveryPixel=1, ModifiesMeshPosition=0, Usage={}"
"/Game/TrackBridge/KalinagoScene/Run_2b0d5b5e7e44432db837463ecc98aa91/Materials/M_1_00_kalinago_19.M_1_00_kalinago_19","0","0","0","14","0","Compiling M_1_00_kalinago_19: Platform=PCD3D_SM5, Usage=LightingModel=MSM_DefaultLit, BlendMode=BLEND_Opaque, SpecialEngine=0, TwoSided=0, TSNormal=1, Masked=0, Distorted=0, WritesEveryPixel=1, ModifiesMeshPosition=0, Usage={}"
"/Game/TrackBridge/KalinagoScene/Run_2b0d5b5e7e44432db837463ecc98aa91/Materials/M_1_00_kalinago_29.M_1_00_kalinago_29","0","0","0","14","0","Compiling M_1_00_kalinago_29: Platform=PCD3D_SM5, Usage=LightingModel=MSM_DefaultLit, BlendMode=BLEND_Opaque, SpecialEngine=0, TwoSided=0, TSNormal=1, Masked=0, Distorted=0, WritesEveryPixel=1, ModifiesMeshPosition=0, Usage={}"
"/Game/TrackBridge/KalinagoScene/Run_2b0d5b5e7e44432db837463ecc98aa91/Materials/M_1_00_kalinago_30.M_1_00_kalinago_30","0","0","0","14","0","Compiling M_1_00_kalinago_30: Platform=PCD3D_SM5, Usage=LightingModel=MSM_DefaultLit, BlendMode=BLEND_Opaque, SpecialEngine=0, TwoSided=0, TSNormal=1, Masked=0, Distorted=0, WritesEveryPixel=1, ModifiesMeshPosition=0, Usage={}"
"/Game/TrackBridge/KalinagoScene/Run_2b0d5b5e7e44432db837463ecc98aa91/Materials/M_1_00_kalinago_31.M_1_00_kalinago_31","0","0","0","14","0","Compiling M_1_00_kalinago_31: Platform=PCD3D_SM5, Usage=LightingModel=MSM_DefaultLit, BlendMode=BLEND_Opaque, SpecialEngine=0, TwoSided=0, TSNormal=1, Masked=0, Distorted=0, WritesEveryPixel=1, ModifiesMeshPosition=0, Usage={}"
"/Game/TrackBridge/KalinagoScene/Run_2b0d5b5e7e44432db837463ecc98aa91/Materials/M_1_00_kalinago_33.M_1_00_kalinago_33","0","0","0","14","0","Compiling M_1_00_kalinago_33: Platform=PCD3D_SM5, Usage=LightingModel=MSM_DefaultLit, BlendMode=BLEND_Opaque, SpecialEngine=0, TwoSided=0, TSNormal=1, Masked=0, Distorted=0, WritesEveryPixel=1, ModifiesMeshPosition=0, Usage={}"
"/Game/TrackBridge/KalinagoScene/Run_2b0d5b5e7e44432db837463ecc98aa91/Materials/M_15_lights_6.M_15_lights_6","0","0","0","14","0","Compiling M_15_lights_6: Platform=PCD3D_SM5, Usage=LightingModel=MSM_DefaultLit, BlendMode=BLEND_Opaque, SpecialEngine=0, TwoSided=0, TSNormal=1, Masked=0, Distorted=0, WritesEveryPixel=1, ModifiesMeshPosition=0, Usage={}"
"/Game/TrackBridge/KalinagoScene/Run_2b0d5b5e7e44432db837463ecc98aa91/Materials/M_15_lights_7.M_15_lights_7","0","0","0","14","0","Compiling M_15_lights_7: Platform=PCD3D_SM5, Usage=LightingModel=MSM_DefaultLit, BlendMode=BLEND_Opaque, SpecialEngine=0, TwoSided=0, TSNormal=1, Masked=0, Distorted=0, WritesEveryPixel=1, ModifiesMeshPosition=0, Usage={}"
"/Game/TrackBridge/KalinagoScene/Run_2b0d5b5e7e44432db837463ecc98aa91/Materials/M_15_lights_13.M_15_lights_13","0","0","0","14","0","Compiling M_15_lights_13: Platform=PCD3D_SM5, Usage=LightingModel=MSM_DefaultLit, BlendMode=BLEND_Opaque, SpecialEngine=0, TwoSided=0, TSNormal=1, Masked=0, Distorted=0, WritesEveryPixel=1, ModifiesMeshPosition=0, Usage={}"
"/Game/TrackBridge/KalinagoScene/Run_2b0d5b5e7e44432db837463ecc98aa91/Materials/M_15_lights_14.M_15_lights_14","0","0","0","14","0","Compiling M_15_lights_14: Platform=PCD3D_SM5, Usage=LightingModel=MSM_DefaultLit, BlendMode=BLEND_Opaque, SpecialEngine=0, TwoSided=0, TSNormal=1, Masked=0, Distorted=0, WritesEveryPixel=1, ModifiesMeshPosition=0, Usage={}"
"/Game/TrackBridge/KalinagoScene/Run_2b0d5b5e7e44432db837463ecc98aa91/Materials/M_15_lights_12.M_15_lights_12","0","0","0","14","0","Compiling M_15_lights_12: Platform=PCD3D_SM5, Usage=LightingModel=MSM_DefaultLit, BlendMode=BLEND_Opaque, SpecialEngine=0, TwoSided=0, TSNormal=1, Masked=0, Distorted=0, WritesEveryPixel=1, ModifiesMeshPosition=0, Usage={}"
"/Game/TrackBridge/KalinagoScene/Run_2b0d5b5e7e44432db837463ecc98aa91/Materials/M_1_00_kalinago_35.M_1_00_kalinago_35","0","0","0","14","0","Compiling M_1_00_kalinago_35: Platform=PCD3D_SM5, Usage=LightingModel=MSM_DefaultLit, BlendMode=BLEND_Opaque, SpecialEngine=0, TwoSided=0, TSNormal=1, Masked=0, Distorted=0, WritesEveryPixel=1, ModifiesMeshPosition=0, Usage={}"
"/Game/TrackBridge/KalinagoScene/Run_2b0d5b5e7e44432db837463ecc98aa91/Materials/M_4_timing_gp_0.M_4_timing_gp_0","0","0","0","14","0","Compiling M_4_timing_gp_0: Platform=PCD3D_SM5, Usage=LightingModel=MSM_DefaultLit, BlendMode=BLEND_Opaque, SpecialEngine=0, TwoSided=0, TSNormal=1, Masked=0, Distorted=0, WritesEveryPixel=1, ModifiesMeshPosition=0, Usage={}"
"/Game/TrackBridge/KalinagoScene/Run_2b0d5b5e7e44432db837463ecc98aa91/Materials/M_15_lights_15.M_15_lights_15","0","0","0","14","0","Compiling M_15_lights_15: Platform=PCD3D_SM5, Usage=LightingModel=MSM_DefaultLit, BlendMode=BLEND_Opaque, SpecialEngine=0, TwoSided=0, TSNormal=1, Masked=0, Distorted=0, WritesEveryPixel=1, ModifiesMeshPosition=0, Usage={}"
"/Game/TrackBridge/KalinagoScene/Run_2b0d5b5e7e44432db837463ecc98aa91/Materials/M_17_ads_f1_12.M_17_ads_f1_12","0","0","0","14","0","Compiling M_17_ads_f1_12: Platform=PCD3D_SM5, Usage=LightingModel=MSM_DefaultLit, BlendMode=BLEND_Opaque, SpecialEngine=0, TwoSided=0, TSNormal=1, Masked=0, Distorted=0, WritesEveryPixel=1, ModifiesMeshPosition=0, Usage={}"
"/Game/TrackBridge/KalinagoScene/Run_2b0d5b5e7e44432db837463ecc98aa91/Materials/M_1_00_kalinago_8.M_1_00_kalinago_8","0","0","0","14","0","Compiling M_1_00_kalinago_8: Platform=PCD3D_SM5, Usage=LightingModel=MSM_DefaultLit, BlendMode=BLEND_Opaque, SpecialEngine=0, TwoSided=0, TSNormal=1, Masked=0, Distorted=0, WritesEveryPixel=1, ModifiesMeshPosition=0, Usage={}"
"/Game/TrackBridge/KalinagoScene/Run_2b0d5b5e7e44432db837463ecc98aa91/Materials/M_1_00_kalinago_20.M_1_00_kalinago_20","0","0","0","14","0","Compiling M_1_00_kalinago_20: Platform=PCD3D_SM5, Usage=LightingModel=MSM_DefaultLit, BlendMode=BLEND_Opaque, SpecialEngine=0, TwoSided=0, TSNormal=1, Masked=0, Distorted=0, WritesEveryPixel=1, ModifiesMeshPosition=0, Usage={}"
"/Game/TrackBridge/KalinagoScene/Run_2b0d5b5e7e44432db837463ecc98aa91/Materials/M_1_00_kalinago_21.M_1_00_kalinago_21","0","0","0","14","0","Compiling M_1_00_kalinago_21: Platform=PCD3D_SM5, Usage=LightingModel=MSM_DefaultLit, BlendMode=BLEND_Opaque, SpecialEngine=0, TwoSided=0, TSNormal=1, Masked=0, Distorted=0, WritesEveryPixel=1, ModifiesMeshPosition=0, Usage={}"
"/Game/TrackBridge/KalinagoScene/Run_2b0d5b5e7e44432db837463ecc98aa91/Materials/M_20_kunos_props_b_0.M_20_kunos_props_b_0","0","0","0","14","0","Compiling M_20_kunos_props_b_0: Platform=PCD3D_SM5, Usage=LightingModel=MSM_DefaultLit, BlendMode=BLEND_Opaque, SpecialEngine=0, TwoSided=0, TSNormal=1, Masked=0, Distorted=0, WritesEveryPixel=1, ModifiesMeshPosition=0, Usage={}"
"/Game/TrackBridge/KalinagoScene/Run_2b0d5b5e7e44432db837463ecc98aa91/Materials/M_20_kunos_props_b_1.M_20_kunos_props_b_1","0","0","0","14","0","Compiling M_20_kunos_props_b_1: Platform=PCD3D_SM5, Usage=LightingModel=MSM_DefaultLit, BlendMode=BLEND_Opaque, SpecialEngine=0, TwoSided=0, TSNormal=1, Masked=0, Distorted=0, WritesEveryPixel=1, ModifiesMeshPosition=0, Usage={}"
"/Game/TrackBridge/KalinagoScene/Run_2b0d5b5e7e44432db837463ecc98aa91/Materials/M_20_kunos_props_b_2.M_20_kunos_props_b_2","0","0","0","14","0","Compiling M_20_kunos_props_b_2: Platform=PCD3D_SM5, Usage=LightingModel=MSM_DefaultLit, BlendMode=BLEND_Opaque, SpecialEngine=0, TwoSided=0, TSNormal=1, Masked=0, Distorted=0, WritesEveryPixel=1, ModifiesMeshPosition=0, Usage={}"
"/Game/TrackBridge/KalinagoScene/Run_2b0d5b5e7e44432db837463ecc98aa91/Materials/M_16_layout_gp_0.M_16_layout_gp_0","0","0","0","14","0","Compiling M_16_layout_gp_0: Platform=PCD3D_SM5, Usage=LightingModel=MSM_DefaultLit, BlendMode=BLEND_Opaque, SpecialEngine=0, TwoSided=0, TSNormal=1, Masked=0, Distorted=0, WritesEveryPixel=1, ModifiesMeshPosition=0, Usage={}"
"/Game/TrackBridge/KalinagoScene/Run_2b0d5b5e7e44432db837463ecc98aa91/Materials/M_16_layout_gp_1.M_16_layout_gp_1","0","0","0","14","0","Compiling M_16_layout_gp_1: Platform=PCD3D_SM5, Usage=LightingModel=MSM_DefaultLit, BlendMode=BLEND_Opaque, SpecialEngine=0, TwoSided=0, TSNormal=1, Masked=0, Distorted=0, WritesEveryPixel=1, ModifiesMeshPosition=0, Usage={}"
"/Game/TrackBridge/KalinagoScene/Run_2b0d5b5e7e44432db837463ecc98aa91/Materials/M_1_00_kalinago_16.M_1_00_kalinago_16","0","0","0","14","0","Compiling M_1_00_kalinago_16: Platform=PCD3D_SM5, Usage=LightingModel=MSM_DefaultLit, BlendMode=BLEND_Opaque, SpecialEngine=0, TwoSided=0, TSNormal=1, Masked=0, Distorted=0, WritesEveryPixel=1, ModifiesMeshPosition=0, Usage={}"
"/Game/TrackBridge/KalinagoScene/Run_2b0d5b5e7e44432db837463ecc98aa91/Materials/M_16_layout_gp_2.M_16_layout_gp_2","0","0","0","29","0","Compiling M_16_layout_gp_2: Platform=PCD3D_SM5, Usage=LightingModel=MSM_DefaultLit, BlendMode=BLEND_Masked, SpecialEngine=0, TwoSided=1, TSNormal=1, Masked=1, Distorted=0, WritesEveryPixel=0, ModifiesMeshPosition=0, Usage={}"
"/Game/TrackBridge/KalinagoScene/Run_2b0d5b5e7e44432db837463ecc98aa91/Materials/M_1_00_kalinago_66.M_1_00_kalinago_66","0","0","0","29","0","Compiling M_1_00_kalinago_66: Platform=PCD3D_SM5, Usage=LightingModel=MSM_DefaultLit, BlendMode=BLEND_Masked, SpecialEngine=0, TwoSided=1, TSNormal=1, Masked=1, Distorted=0, WritesEveryPixel=0, ModifiesMeshPosition=0, Usage={}"
"/Game/TrackBridge/KalinagoScene/Run_2b0d5b5e7e44432db837463ecc98aa91/Materials/M_16_layout_gp_3.M_16_layout_gp_3","0","0","0","29","0","Compiling M_16_layout_gp_3: Platform=PCD3D_SM5, Usage=LightingModel=MSM_DefaultLit, BlendMode=BLEND_Masked, SpecialEngine=0, TwoSided=1, TSNormal=1, Masked=1, Distorted=0, WritesEveryPixel=0, ModifiesMeshPosition=0, Usage={}"
"/Game/TrackBridge/KalinagoScene/Run_2b0d5b5e7e44432db837463ecc98aa91/Materials/M_17_ads_f1_0.M_17_ads_f1_0","0","0","0","14","0","Compiling M_17_ads_f1_0: Platform=PCD3D_SM5, Usage=LightingModel=MSM_DefaultLit, BlendMode=BLEND_Opaque, SpecialEngine=0, TwoSided=0, TSNormal=1, Masked=0, Distorted=0, WritesEveryPixel=1, ModifiesMeshPosition=0, Usage={}"
"/Game/TrackBridge/KalinagoScene/Run_2b0d5b5e7e44432db837463ecc98aa91/Materials/M_22_flags_f1_2.M_22_flags_f1_2","0","0","0","20","0","Compiling M_22_flags_f1_2: Platform=PCD3D_SM5, Usage=LightingModel=MSM_DefaultLit, BlendMode=BLEND_Translucent, SpecialEngine=0, TwoSided=0, TSNormal=1, Masked=0, Distorted=0, WritesEveryPixel=1, ModifiesMeshPosition=0, Usage={}"
"/Game/TrackBridge/KalinagoScene/Run_2b0d5b5e7e44432db837463ecc98aa91/Materials/M_21_2024_1.M_21_2024_1","0","0","0","29","0","Compiling M_21_2024_1: Platform=PCD3D_SM5, Usage=LightingModel=MSM_DefaultLit, BlendMode=BLEND_Masked, SpecialEngine=0, TwoSided=1, TSNormal=1, Masked=1, Distorted=0, WritesEveryPixel=0, ModifiesMeshPosition=0, Usage={}"
"/Game/TrackBridge/KalinagoScene/Run_2b0d5b5e7e44432db837463ecc98aa91/Materials/M_1_00_kalinago_46.M_1_00_kalinago_46","0","0","0","14","0","Compiling M_1_00_kalinago_46: Platform=PCD3D_SM5, Usage=LightingModel=MSM_DefaultLit, BlendMode=BLEND_Opaque, SpecialEngine=0, TwoSided=0, TSNormal=1, Masked=0, Distorted=0, WritesEveryPixel=1, ModifiesMeshPosition=0, Usage={}"
"/Game/TrackBridge/KalinagoScene/Run_2b0d5b5e7e44432db837463ecc98aa91/Materials/M_1_00_kalinago_25.M_1_00_kalinago_25","0","0","0","14","0","Compiling M_1_00_kalinago_25: Platform=PCD3D_SM5, Usage=LightingModel=MSM_DefaultLit, BlendMode=BLEND_Opaque, SpecialEngine=0, TwoSided=0, TSNormal=1, Masked=0, Distorted=0, WritesEveryPixel=1, ModifiesMeshPosition=0, Usage={}"
"/Game/TrackBridge/KalinagoScene/Run_2b0d5b5e7e44432db837463ecc98aa91/Materials/M_1_00_kalinago_0.M_1_00_kalinago_0","0","0","0","20","0","Compiling M_1_00_kalinago_0: Platform=PCD3D_SM5, Usage=LightingModel=MSM_DefaultLit, BlendMode=BLEND_Translucent, SpecialEngine=0, TwoSided=0, TSNormal=1, Masked=0, Distorted=0, WritesEveryPixel=1, ModifiesMeshPosition=0, Usage={}"
"/Game/TrackBridge/KalinagoScene/Run_2b0d5b5e7e44432db837463ecc98aa91/Materials/M_17_ads_f1_13.M_17_ads_f1_13","0","0","0","14","0","Compiling M_17_ads_f1_13: Platform=PCD3D_SM5, Usage=LightingModel=MSM_DefaultLit, BlendMode=BLEND_Opaque, SpecialEngine=0, TwoSided=0, TSNormal=1, Masked=0, Distorted=0, WritesEveryPixel=1, ModifiesMeshPosition=0, Usage={}"
"/Game/TrackBridge/KalinagoScene/Run_2b0d5b5e7e44432db837463ecc98aa91/Materials/M_18_rolex_clock_0.M_18_rolex_clock_0","0","0","0","14","0","Compiling M_18_rolex_clock_0: Platform=PCD3D_SM5, Usage=LightingModel=MSM_DefaultLit, BlendMode=BLEND_Opaque, SpecialEngine=0, TwoSided=0, TSNormal=1, Masked=0, Distorted=0, WritesEveryPixel=1, ModifiesMeshPosition=0, Usage={}"
"/Game/TrackBridge/KalinagoScene/Run_2b0d5b5e7e44432db837463ecc98aa91/Materials/M_1_00_kalinago_13.M_1_00_kalinago_13","0","0","0","14","0","Compiling M_1_00_kalinago_13: Platform=PCD3D_SM5, Usage=LightingModel=MSM_DefaultLit, BlendMode=BLEND_Opaque, SpecialEngine=0, TwoSided=0, TSNormal=1, Masked=0, Distorted=0, WritesEveryPixel=1, ModifiesMeshPosition=0, Usage={}"
"/Game/TrackBridge/KalinagoScene/Run_2b0d5b5e7e44432db837463ecc98aa91/Materials/M_17_ads_f1_1.M_17_ads_f1_1","0","0","0","14","0","Compiling M_17_ads_f1_1: Platform=PCD3D_SM5, Usage=LightingModel=MSM_DefaultLit, BlendMode=BLEND_Opaque, SpecialEngine=0, TwoSided=0, TSNormal=1, Masked=0, Distorted=0, WritesEveryPixel=1, ModifiesMeshPosition=0, Usage={}"
"/Game/TrackBridge/KalinagoScene/Run_2b0d5b5e7e44432db837463ecc98aa91/Materials/M_1_00_kalinago_12.M_1_00_kalinago_12","0","0","0","14","0","Compiling M_1_00_kalinago_12: Platform=PCD3D_SM5, Usage=LightingModel=MSM_DefaultLit, BlendMode=BLEND_Opaque, SpecialEngine=0, TwoSided=0, TSNormal=1, Masked=0, Distorted=0, WritesEveryPixel=1, ModifiesMeshPosition=0, Usage={}"
"/Game/TrackBridge/KalinagoScene/Run_2b0d5b5e7e44432db837463ecc98aa91/Materials/M_17_ads_f1_2.M_17_ads_f1_2","0","0","0","14","0","Compiling M_17_ads_f1_2: Platform=PCD3D_SM5, Usage=LightingModel=MSM_DefaultLit, BlendMode=BLEND_Opaque, SpecialEngine=0, TwoSided=0, TSNormal=1, Masked=0, Distorted=0, WritesEveryPixel=1, ModifiesMeshPosition=0, Usage={}"
"/Game/TrackBridge/KalinagoScene/Run_2b0d5b5e7e44432db837463ecc98aa91/Materials/M_17_ads_f1_3.M_17_ads_f1_3","0","0","0","14","0","Compiling M_17_ads_f1_3: Platform=PCD3D_SM5, Usage=LightingModel=MSM_DefaultLit, BlendMode=BLEND_Opaque, SpecialEngine=0, TwoSided=0, TSNormal=1, Masked=0, Distorted=0, WritesEveryPixel=1, ModifiesMeshPosition=0, Usage={}"
"/Game/TrackBridge/KalinagoScene/Run_2b0d5b5e7e44432db837463ecc98aa91/Materials/M_17_ads_f1_4.M_17_ads_f1_4","0","0","0","14","0","Compiling M_17_ads_f1_4: Platform=PCD3D_SM5, Usage=LightingModel=MSM_DefaultLit, BlendMode=BLEND_Opaque, SpecialEngine=0, TwoSided=0, TSNormal=1, Masked=0, Distorted=0, WritesEveryPixel=1, ModifiesMeshPosition=0, Usage={}"
"/Game/TrackBridge/KalinagoScene/Run_2b0d5b5e7e44432db837463ecc98aa91/Materials/M_17_ads_f1_5.M_17_ads_f1_5","0","0","0","14","0","Compiling M_17_ads_f1_5: Platform=PCD3D_SM5, Usage=LightingModel=MSM_DefaultLit, BlendMode=BLEND_Opaque, SpecialEngine=0, TwoSided=0, TSNormal=1, Masked=0, Distorted=0, WritesEveryPixel=1, ModifiesMeshPosition=0, Usage={}"
"/Game/TrackBridge/KalinagoScene/Run_2b0d5b5e7e44432db837463ecc98aa91/Materials/M_17_ads_f1_7.M_17_ads_f1_7","0","0","0","14","0","Compiling M_17_ads_f1_7: Platform=PCD3D_SM5, Usage=LightingModel=MSM_DefaultLit, BlendMode=BLEND_Opaque, SpecialEngine=0, TwoSided=0, TSNormal=1, Masked=0, Distorted=0, WritesEveryPixel=1, ModifiesMeshPosition=0, Usage={}"
"/Game/TrackBridge/KalinagoScene/Run_2b0d5b5e7e44432db837463ecc98aa91/Materials/M_17_ads_f1_8.M_17_ads_f1_8","0","0","0","14","0","Compiling M_17_ads_f1_8: Platform=PCD3D_SM5, Usage=LightingModel=MSM_DefaultLit, BlendMode=BLEND_Opaque, SpecialEngine=0, TwoSided=0, TSNormal=1, Masked=0, Distorted=0, WritesEveryPixel=1, ModifiesMeshPosition=0, Usage={}"
"/Game/TrackBridge/KalinagoScene/Run_2b0d5b5e7e44432db837463ecc98aa91/Materials/M_17_ads_f1_9.M_17_ads_f1_9","0","0","0","14","0","Compiling M_17_ads_f1_9: Platform=PCD3D_SM5, Usage=LightingModel=MSM_DefaultLit, BlendMode=BLEND_Opaque, SpecialEngine=0, TwoSided=0, TSNormal=1, Masked=0, Distorted=0, WritesEveryPixel=1, ModifiesMeshPosition=0, Usage={}"
"/Game/TrackBridge/KalinagoScene/Run_2b0d5b5e7e44432db837463ecc98aa91/Materials/M_17_ads_f1_10.M_17_ads_f1_10","0","0","0","14","0","Compiling M_17_ads_f1_10: Platform=PCD3D_SM5, Usage=LightingModel=MSM_DefaultLit, BlendMode=BLEND_Opaque, SpecialEngine=0, TwoSided=0, TSNormal=1, Masked=0, Distorted=0, WritesEveryPixel=1, ModifiesMeshPosition=0, Usage={}"
"/Game/TrackBridge/KalinagoScene/Run_2b0d5b5e7e44432db837463ecc98aa91/Materials/M_1_00_kalinago_32.M_1_00_kalinago_32","0","0","0","14","0","Compiling M_1_00_kalinago_32: Platform=PCD3D_SM5, Usage=LightingModel=MSM_DefaultLit, BlendMode=BLEND_Opaque, SpecialEngine=0, TwoSided=0, TSNormal=1, Masked=0, Distorted=0, WritesEveryPixel=1, ModifiesMeshPosition=0, Usage={}"
"/Game/TrackBridge/KalinagoScene/Run_2b0d5b5e7e44432db837463ecc98aa91/Materials/M_17_ads_f1_11.M_17_ads_f1_11","0","0","0","14","0","Compiling M_17_ads_f1_11: Platform=PCD3D_SM5, Usage=LightingModel=MSM_DefaultLit, BlendMode=BLEND_Opaque, SpecialEngine=0, TwoSided=0, TSNormal=1, Masked=0, Distorted=0, WritesEveryPixel=1, ModifiesMeshPosition=0, Usage={}"
"/Game/TrackBridge/KalinagoScene/Run_2b0d5b5e7e44432db837463ecc98aa91/Materials/M_18_rolex_clock_1.M_18_rolex_clock_1","0","0","0","14","0","Compiling M_18_rolex_clock_1: Platform=PCD3D_SM5, Usage=LightingModel=MSM_DefaultLit, BlendMode=BLEND_Opaque, SpecialEngine=0, TwoSided=0, TSNormal=1, Masked=0, Distorted=0, WritesEveryPixel=1, ModifiesMeshPosition=0, Usage={}"
"/Game/TrackBridge/KalinagoScene/Run_2b0d5b5e7e44432db837463ecc98aa91/Materials/M_19_kunos_props_a_0.M_19_kunos_props_a_0","0","0","0","14","0","Compiling M_19_kunos_props_a_0: Platform=PCD3D_SM5, Usage=LightingModel=MSM_DefaultLit, BlendMode=BLEND_Opaque, SpecialEngine=0, TwoSided=0, TSNormal=1, Masked=0, Distorted=0, WritesEveryPixel=1, ModifiesMeshPosition=0, Usage={}"
"/Game/TrackBridge/KalinagoScene/Run_2b0d5b5e7e44432db837463ecc98aa91/Materials/M_19_kunos_props_a_1.M_19_kunos_props_a_1","0","0","0","14","0","Compiling M_19_kunos_props_a_1: Platform=PCD3D_SM5, Usage=LightingModel=MSM_DefaultLit, BlendMode=BLEND_Opaque, SpecialEngine=0, TwoSided=0, TSNormal=1, Masked=0, Distorted=0, WritesEveryPixel=1, ModifiesMeshPosition=0, Usage={}"
"/Game/TrackBridge/KalinagoScene/Run_2b0d5b5e7e44432db837463ecc98aa91/Materials/M_19_kunos_props_a_2.M_19_kunos_props_a_2","0","0","0","14","0","Compiling M_19_kunos_props_a_2: Platform=PCD3D_SM5, Usage=LightingModel=MSM_DefaultLit, BlendMode=BLEND_Opaque, SpecialEngine=0, TwoSided=0, TSNormal=1, Masked=0, Distorted=0, WritesEveryPixel=1, ModifiesMeshPosition=0, Usage={}"
"/Game/TrackBridge/KalinagoScene/Run_2b0d5b5e7e44432db837463ecc98aa91/Materials/M_19_kunos_props_a_3.M_19_kunos_props_a_3","0","0","0","14","0","Compiling M_19_kunos_props_a_3: Platform=PCD3D_SM5, Usage=LightingModel=MSM_DefaultLit, BlendMode=BLEND_Opaque, SpecialEngine=0, TwoSided=0, TSNormal=1, Masked=0, Distorted=0, WritesEveryPixel=1, ModifiesMeshPosition=0, Usage={}"
"/Game/TrackBridge/KalinagoScene/Run_2b0d5b5e7e44432db837463ecc98aa91/Materials/M_19_kunos_props_a_4.M_19_kunos_props_a_4","0","0","0","14","0","Compiling M_19_kunos_props_a_4: Platform=PCD3D_SM5, Usage=LightingModel=MSM_DefaultLit, BlendMode=BLEND_Opaque, SpecialEngine=0, TwoSided=0, TSNormal=1, Masked=0, Distorted=0, WritesEveryPixel=1, ModifiesMeshPosition=0, Usage={}"
"/Game/TrackBridge/KalinagoScene/Run_2b0d5b5e7e44432db837463ecc98aa91/Materials/M_20_kunos_props_b_8.M_20_kunos_props_b_8","0","0","0","14","0","Compiling M_20_kunos_props_b_8: Platform=PCD3D_SM5, Usage=LightingModel=MSM_DefaultLit, BlendMode=BLEND_Opaque, SpecialEngine=0, TwoSided=0, TSNormal=1, Masked=0, Distorted=0, WritesEveryPixel=1, ModifiesMeshPosition=0, Usage={}"
"/Game/TrackBridge/KalinagoScene/Run_2b0d5b5e7e44432db837463ecc98aa91/Materials/M_19_kunos_props_a_5.M_19_kunos_props_a_5","0","0","0","14","0","Compiling M_19_kunos_props_a_5: Platform=PCD3D_SM5, Usage=LightingModel=MSM_DefaultLit, BlendMode=BLEND_Opaque, SpecialEngine=0, TwoSided=0, TSNormal=1, Masked=0, Distorted=0, WritesEveryPixel=1, ModifiesMeshPosition=0, Usage={}"
"/Game/TrackBridge/KalinagoScene/Run_2b0d5b5e7e44432db837463ecc98aa91/Materials/M_20_kunos_props_b_12.M_20_kunos_props_b_12","0","0","0","14","0","Compiling M_20_kunos_props_b_12: Platform=PCD3D_SM5, Usage=LightingModel=MSM_DefaultLit, BlendMode=BLEND_Opaque, SpecialEngine=0, TwoSided=0, TSNormal=1, Masked=0, Distorted=0, WritesEveryPixel=1, ModifiesMeshPosition=0, Usage={}"
"/Game/TrackBridge/KalinagoScene/Run_2b0d5b5e7e44432db837463ecc98aa91/Materials/M_19_kunos_props_a_6.M_19_kunos_props_a_6","0","0","0","14","0","Compiling M_19_kunos_props_a_6: Platform=PCD3D_SM5, Usage=LightingModel=MSM_DefaultLit, BlendMode=BLEND_Opaque, SpecialEngine=0, TwoSided=0, TSNormal=1, Masked=0, Distorted=0, WritesEveryPixel=1, ModifiesMeshPosition=0, Usage={}"
"/Game/TrackBridge/KalinagoScene/Run_2b0d5b5e7e44432db837463ecc98aa91/Materials/M_20_kunos_props_b_13.M_20_kunos_props_b_13","0","0","0","14","0","Compiling M_20_kunos_props_b_13: Platform=PCD3D_SM5, Usage=LightingModel=MSM_DefaultLit, BlendMode=BLEND_Opaque, SpecialEngine=0, TwoSided=0, TSNormal=1, Masked=0, Distorted=0, WritesEveryPixel=1, ModifiesMeshPosition=0, Usage={}"
"/Game/TrackBridge/KalinagoScene/Run_2b0d5b5e7e44432db837463ecc98aa91/Materials/M_19_kunos_props_a_7.M_19_kunos_props_a_7","0","0","0","14","0","Compiling M_19_kunos_props_a_7: Platform=PCD3D_SM5, Usage=LightingModel=MSM_DefaultLit, BlendMode=BLEND_Opaque, SpecialEngine=0, TwoSided=0, TSNormal=1, Masked=0, Distorted=0, WritesEveryPixel=1, ModifiesMeshPosition=0, Usage={}"
"/Game/TrackBridge/KalinagoScene/Run_2b0d5b5e7e44432db837463ecc98aa91/Materials/M_19_kunos_props_a_8.M_19_kunos_props_a_8","0","0","0","14","0","Compiling M_19_kunos_props_a_8: Platform=PCD3D_SM5, Usage=LightingModel=MSM_DefaultLit, BlendMode=BLEND_Opaque, SpecialEngine=0, TwoSided=0, TSNormal=1, Masked=0, Distorted=0, WritesEveryPixel=1, ModifiesMeshPosition=0, Usage={}"
"/Game/TrackBridge/KalinagoScene/Run_2b0d5b5e7e44432db837463ecc98aa91/Materials/M_19_kunos_props_a_9.M_19_kunos_props_a_9","0","0","0","14","0","Compiling M_19_kunos_props_a_9: Platform=PCD3D_SM5, Usage=LightingModel=MSM_DefaultLit, BlendMode=BLEND_Opaque, SpecialEngine=0, TwoSided=0, TSNormal=1, Masked=0, Distorted=0, WritesEveryPixel=1, ModifiesMeshPosition=0, Usage={}"
"/Game/TrackBridge/KalinagoScene/Run_2b0d5b5e7e44432db837463ecc98aa91/Materials/M_19_kunos_props_a_10.M_19_kunos_props_a_10","0","0","0","14","0","Compiling M_19_kunos_props_a_10: Platform=PCD3D_SM5, Usage=LightingModel=MSM_DefaultLit, BlendMode=BLEND_Opaque, SpecialEngine=0, TwoSided=0, TSNormal=1, Masked=0, Distorted=0, WritesEveryPixel=1, ModifiesMeshPosition=0, Usage={}"
"/Game/TrackBridge/KalinagoScene/Run_2b0d5b5e7e44432db837463ecc98aa91/Materials/M_1_00_kalinago_2.M_1_00_kalinago_2","0","0","0","20","0","Compiling M_1_00_kalinago_2: Platform=PCD3D_SM5, Usage=LightingModel=MSM_DefaultLit, BlendMode=BLEND_Translucent, SpecialEngine=0, TwoSided=0, TSNormal=1, Masked=0, Distorted=0, WritesEveryPixel=1, ModifiesMeshPosition=0, Usage={}"
"/Game/TrackBridge/KalinagoScene/Run_2b0d5b5e7e44432db837463ecc98aa91/Materials/M_1_00_kalinago_1.M_1_00_kalinago_1","0","0","0","14","0","Compiling M_1_00_kalinago_1: Platform=PCD3D_SM5, Usage=LightingModel=MSM_DefaultLit, BlendMode=BLEND_Opaque, SpecialEngine=0, TwoSided=0, TSNormal=1, Masked=0, Distorted=0, WritesEveryPixel=1, ModifiesMeshPosition=0, Usage={}"
"/Game/TrackBridge/KalinagoScene/Run_2b0d5b5e7e44432db837463ecc98aa91/Materials/M_1_00_kalinago_3.M_1_00_kalinago_3","0","0","0","14","0","Compiling M_1_00_kalinago_3: Platform=PCD3D_SM5, Usage=LightingModel=MSM_DefaultLit, BlendMode=BLEND_Opaque, SpecialEngine=0, TwoSided=0, TSNormal=1, Masked=0, Distorted=0, WritesEveryPixel=1, ModifiesMeshPosition=0, Usage={}"
"/Game/TrackBridge/KalinagoScene/Run_2b0d5b5e7e44432db837463ecc98aa91/Materials/M_1_00_kalinago_4.M_1_00_kalinago_4","0","0","0","14","0","Compiling M_1_00_kalinago_4: Platform=PCD3D_SM5, Usage=LightingModel=MSM_DefaultLit, BlendMode=BLEND_Opaque, SpecialEngine=0, TwoSided=0, TSNormal=1, Masked=0, Distorted=0, WritesEveryPixel=1, ModifiesMeshPosition=0, Usage={}"
"/Game/TrackBridge/KalinagoScene/Run_2b0d5b5e7e44432db837463ecc98aa91/Materials/M_1_00_kalinago_5.M_1_00_kalinago_5","0","0","0","14","0","Compiling M_1_00_kalinago_5: Platform=PCD3D_SM5, Usage=LightingModel=MSM_DefaultLit, BlendMode=BLEND_Opaque, SpecialEngine=0, TwoSided=0, TSNormal=1, Masked=0, Distorted=0, WritesEveryPixel=1, ModifiesMeshPosition=0, Usage={}"
"/Game/TrackBridge/KalinagoScene/Run_2b0d5b5e7e44432db837463ecc98aa91/Materials/M_1_00_kalinago_6.M_1_00_kalinago_6","0","0","0","14","0","Compiling M_1_00_kalinago_6: Platform=PCD3D_SM5, Usage=LightingModel=MSM_DefaultLit, BlendMode=BLEND_Opaque, SpecialEngine=0, TwoSided=0, TSNormal=1, Masked=0, Distorted=0, WritesEveryPixel=1, ModifiesMeshPosition=0, Usage={}"
"/Game/TrackBridge/KalinagoScene/Run_2b0d5b5e7e44432db837463ecc98aa91/Materials/M_1_00_kalinago_7.M_1_00_kalinago_7","0","0","0","14","0","Compiling M_1_00_kalinago_7: Platform=PCD3D_SM5, Usage=LightingModel=MSM_DefaultLit, BlendMode=BLEND_Opaque, SpecialEngine=0, TwoSided=0, TSNormal=1, Masked=0, Distorted=0, WritesEveryPixel=1, ModifiesMeshPosition=0, Usage={}"
"/Game/TrackBridge/KalinagoScene/Run_2b0d5b5e7e44432db837463ecc98aa91/Materials/M_1_00_kalinago_9.M_1_00_kalinago_9","0","0","0","14","0","Compiling M_1_00_kalinago_9: Platform=PCD3D_SM5, Usage=LightingModel=MSM_DefaultLit, BlendMode=BLEND_Opaque, SpecialEngine=0, TwoSided=0, TSNormal=1, Masked=0, Distorted=0, WritesEveryPixel=1, ModifiesMeshPosition=0, Usage={}"
"/Game/TrackBridge/KalinagoScene/Run_2b0d5b5e7e44432db837463ecc98aa91/Materials/M_1_00_kalinago_10.M_1_00_kalinago_10","0","0","0","14","0","Compiling M_1_00_kalinago_10: Platform=PCD3D_SM5, Usage=LightingModel=MSM_DefaultLit, BlendMode=BLEND_Opaque, SpecialEngine=0, TwoSided=0, TSNormal=1, Masked=0, Distorted=0, WritesEveryPixel=1, ModifiesMeshPosition=0, Usage={}"
"/Game/TrackBridge/KalinagoScene/Run_2b0d5b5e7e44432db837463ecc98aa91/Materials/M_1_00_kalinago_15.M_1_00_kalinago_15","0","0","0","14","0","Compiling M_1_00_kalinago_15: Platform=PCD3D_SM5, Usage=LightingModel=MSM_DefaultLit, BlendMode=BLEND_Opaque, SpecialEngine=0, TwoSided=0, TSNormal=1, Masked=0, Distorted=0, WritesEveryPixel=1, ModifiesMeshPosition=0, Usage={}"
"/Game/TrackBridge/KalinagoScene/Run_2b0d5b5e7e44432db837463ecc98aa91/Materials/M_1_00_kalinago_17.M_1_00_kalinago_17","0","0","0","14","0","Compiling M_1_00_kalinago_17: Platform=PCD3D_SM5, Usage=LightingModel=MSM_DefaultLit, BlendMode=BLEND_Opaque, SpecialEngine=0, TwoSided=0, TSNormal=1, Masked=0, Distorted=0, WritesEveryPixel=1, ModifiesMeshPosition=0, Usage={}"
"/Game/TrackBridge/KalinagoScene/Run_2b0d5b5e7e44432db837463ecc98aa91/Materials/M_1_00_kalinago_18.M_1_00_kalinago_18","0","0","0","14","0","Compiling M_1_00_kalinago_18: Platform=PCD3D_SM5, Usage=LightingModel=MSM_DefaultLit, BlendMode=BLEND_Opaque, SpecialEngine=0, TwoSided=0, TSNormal=1, Masked=0, Distorted=0, WritesEveryPixel=1, ModifiesMeshPosition=0, Usage={}"
"/Game/TrackBridge/KalinagoScene/Run_2b0d5b5e7e44432db837463ecc98aa91/Materials/M_1_00_kalinago_23.M_1_00_kalinago_23","0","0","0","14","0","Compiling M_1_00_kalinago_23: Platform=PCD3D_SM5, Usage=LightingModel=MSM_DefaultLit, BlendMode=BLEND_Opaque, SpecialEngine=0, TwoSided=0, TSNormal=1, Masked=0, Distorted=0, WritesEveryPixel=1, ModifiesMeshPosition=0, Usage={}"
"/Game/TrackBridge/KalinagoScene/Run_2b0d5b5e7e44432db837463ecc98aa91/Materials/M_1_00_kalinago_24.M_1_00_kalinago_24","0","0","0","14","0","Compiling M_1_00_kalinago_24: Platform=PCD3D_SM5, Usage=LightingModel=MSM_DefaultLit, BlendMode=BLEND_Opaque, SpecialEngine=0, TwoSided=0, TSNormal=1, Masked=0, Distorted=0, WritesEveryPixel=1, ModifiesMeshPosition=0, Usage={}"
"/Game/TrackBridge/KalinagoScene/Run_2b0d5b5e7e44432db837463ecc98aa91/Materials/M_20_kunos_props_b_4.M_20_kunos_props_b_4","0","0","0","14","0","Compiling M_20_kunos_props_b_4: Platform=PCD3D_SM5, Usage=LightingModel=MSM_DefaultLit, BlendMode=BLEND_Opaque, SpecialEngine=0, TwoSided=0, TSNormal=1, Masked=0, Distorted=0, WritesEveryPixel=1, ModifiesMeshPosition=0, Usage={}"
"/Game/TrackBridge/KalinagoScene/Run_2b0d5b5e7e44432db837463ecc98aa91/Materials/M_1_00_kalinago_26.M_1_00_kalinago_26","0","0","0","14","0","Compiling M_1_00_kalinago_26: Platform=PCD3D_SM5, Usage=LightingModel=MSM_DefaultLit, BlendMode=BLEND_Opaque, SpecialEngine=0, TwoSided=0, TSNormal=1, Masked=0, Distorted=0, WritesEveryPixel=1, ModifiesMeshPosition=0, Usage={}"
"/Game/TrackBridge/KalinagoScene/Run_2b0d5b5e7e44432db837463ecc98aa91/Materials/M_1_00_kalinago_27.M_1_00_kalinago_27","0","0","0","14","0","Compiling M_1_00_kalinago_27: Platform=PCD3D_SM5, Usage=LightingModel=MSM_DefaultLit, BlendMode=BLEND_Opaque, SpecialEngine=0, TwoSided=0, TSNormal=1, Masked=0, Distorted=0, WritesEveryPixel=1, ModifiesMeshPosition=0, Usage={}"
"/Game/TrackBridge/KalinagoScene/Run_2b0d5b5e7e44432db837463ecc98aa91/Materials/M_1_00_kalinago_28.M_1_00_kalinago_28","0","0","0","14","0","Compiling M_1_00_kalinago_28: Platform=PCD3D_SM5, Usage=LightingModel=MSM_DefaultLit, BlendMode=BLEND_Opaque, SpecialEngine=0, TwoSided=0, TSNormal=1, Masked=0, Distorted=0, WritesEveryPixel=1, ModifiesMeshPosition=0, Usage={}"
"/Game/TrackBridge/KalinagoScene/Run_2b0d5b5e7e44432db837463ecc98aa91/Materials/M_1_00_kalinago_34.M_1_00_kalinago_34","0","0","0","14","0","Compiling M_1_00_kalinago_34: Platform=PCD3D_SM5, Usage=LightingModel=MSM_DefaultLit, BlendMode=BLEND_Opaque, SpecialEngine=0, TwoSided=0, TSNormal=1, Masked=0, Distorted=0, WritesEveryPixel=1, ModifiesMeshPosition=0, Usage={}"
"/Game/TrackBridge/KalinagoScene/Run_2b0d5b5e7e44432db837463ecc98aa91/Materials/M_5_startlights_0.M_5_startlights_0","0","0","0","14","0","Compiling M_5_startlights_0: Platform=PCD3D_SM5, Usage=LightingModel=MSM_DefaultLit, BlendMode=BLEND_Opaque, SpecialEngine=0, TwoSided=0, TSNormal=1, Masked=0, Distorted=0, WritesEveryPixel=1, ModifiesMeshPosition=0, Usage={}"
"/Game/TrackBridge/KalinagoScene/Run_2b0d5b5e7e44432db837463ecc98aa91/Materials/M_1_00_kalinago_36.M_1_00_kalinago_36","0","0","0","14","0","Compiling M_1_00_kalinago_36: Platform=PCD3D_SM5, Usage=LightingModel=MSM_DefaultLit, BlendMode=BLEND_Opaque, SpecialEngine=0, TwoSided=0, TSNormal=1, Masked=0, Distorted=0, WritesEveryPixel=1, ModifiesMeshPosition=0, Usage={}"
"/Game/TrackBridge/KalinagoScene/Run_2b0d5b5e7e44432db837463ecc98aa91/Materials/M_1_00_kalinago_37.M_1_00_kalinago_37","0","0","0","14","0","Compiling M_1_00_kalinago_37: Platform=PCD3D_SM5, Usage=LightingModel=MSM_DefaultLit, BlendMode=BLEND_Opaque, SpecialEngine=0, TwoSided=0, TSNormal=1, Masked=0, Distorted=0, WritesEveryPixel=1, ModifiesMeshPosition=0, Usage={}"
"/Game/TrackBridge/KalinagoScene/Run_2b0d5b5e7e44432db837463ecc98aa91/Materials/M_1_00_kalinago_38.M_1_00_kalinago_38","0","0","0","14","0","Compiling M_1_00_kalinago_38: Platform=PCD3D_SM5, Usage=LightingModel=MSM_DefaultLit, BlendMode=BLEND_Opaque, SpecialEngine=0, TwoSided=0, TSNormal=1, Masked=0, Distorted=0, WritesEveryPixel=1, ModifiesMeshPosition=0, Usage={}"
"/Game/TrackBridge/KalinagoScene/Run_2b0d5b5e7e44432db837463ecc98aa91/Materials/M_1_00_kalinago_39.M_1_00_kalinago_39","0","0","0","14","0","Compiling M_1_00_kalinago_39: Platform=PCD3D_SM5, Usage=LightingModel=MSM_DefaultLit, BlendMode=BLEND_Opaque, SpecialEngine=0, TwoSided=0, TSNormal=1, Masked=0, Distorted=0, WritesEveryPixel=1, ModifiesMeshPosition=0, Usage={}"
"/Game/TrackBridge/KalinagoScene/Run_2b0d5b5e7e44432db837463ecc98aa91/Materials/M_1_00_kalinago_40.M_1_00_kalinago_40","0","0","0","14","0","Compiling M_1_00_kalinago_40: Platform=PCD3D_SM5, Usage=LightingModel=MSM_DefaultLit, BlendMode=BLEND_Opaque, SpecialEngine=0, TwoSided=0, TSNormal=1, Masked=0, Distorted=0, WritesEveryPixel=1, ModifiesMeshPosition=0, Usage={}"
"/Game/TrackBridge/KalinagoScene/Run_2b0d5b5e7e44432db837463ecc98aa91/Materials/M_1_00_kalinago_41.M_1_00_kalinago_41","0","0","0","14","0","Compiling M_1_00_kalinago_41: Platform=PCD3D_SM5, Usage=LightingModel=MSM_DefaultLit, BlendMode=BLEND_Opaque, SpecialEngine=0, TwoSided=0, TSNormal=1, Masked=0, Distorted=0, WritesEveryPixel=1, ModifiesMeshPosition=0, Usage={}"
"/Game/TrackBridge/KalinagoScene/Run_2b0d5b5e7e44432db837463ecc98aa91/Materials/M_1_00_kalinago_42.M_1_00_kalinago_42","0","0","0","14","0","Compiling M_1_00_kalinago_42: Platform=PCD3D_SM5, Usage=LightingModel=MSM_DefaultLit, BlendMode=BLEND_Opaque, SpecialEngine=0, TwoSided=0, TSNormal=1, Masked=0, Distorted=0, WritesEveryPixel=1, ModifiesMeshPosition=0, Usage={}"
"/Game/TrackBridge/KalinagoScene/Run_2b0d5b5e7e44432db837463ecc98aa91/Materials/M_1_00_kalinago_43.M_1_00_kalinago_43","0","0","0","14","0","Compiling M_1_00_kalinago_43: Platform=PCD3D_SM5, Usage=LightingModel=MSM_DefaultLit, BlendMode=BLEND_Opaque, SpecialEngine=0, TwoSided=0, TSNormal=1, Masked=0, Distorted=0, WritesEveryPixel=1, ModifiesMeshPosition=0, Usage={}"
"/Game/TrackBridge/KalinagoScene/Run_2b0d5b5e7e44432db837463ecc98aa91/Materials/M_1_00_kalinago_44.M_1_00_kalinago_44","0","0","0","14","0","Compiling M_1_00_kalinago_44: Platform=PCD3D_SM5, Usage=LightingModel=MSM_DefaultLit, BlendMode=BLEND_Opaque, SpecialEngine=0, TwoSided=0, TSNormal=1, Masked=0, Distorted=0, WritesEveryPixel=1, ModifiesMeshPosition=0, Usage={}"
"/Game/TrackBridge/KalinagoScene/Run_2b0d5b5e7e44432db837463ecc98aa91/Materials/M_1_00_kalinago_45.M_1_00_kalinago_45","0","0","0","14","0","Compiling M_1_00_kalinago_45: Platform=PCD3D_SM5, Usage=LightingModel=MSM_DefaultLit, BlendMode=BLEND_Opaque, SpecialEngine=0, TwoSided=0, TSNormal=1, Masked=0, Distorted=0, WritesEveryPixel=1, ModifiesMeshPosition=0, Usage={}"
"/Game/TrackBridge/KalinagoScene/Run_2b0d5b5e7e44432db837463ecc98aa91/Materials/M_1_00_kalinago_47.M_1_00_kalinago_47","0","0","0","14","0","Compiling M_1_00_kalinago_47: Platform=PCD3D_SM5, Usage=LightingModel=MSM_DefaultLit, BlendMode=BLEND_Opaque, SpecialEngine=0, TwoSided=0, TSNormal=1, Masked=0, Distorted=0, WritesEveryPixel=1, ModifiesMeshPosition=0, Usage={}"
"/Game/TrackBridge/KalinagoScene/Run_2b0d5b5e7e44432db837463ecc98aa91/Materials/M_1_00_kalinago_52.M_1_00_kalinago_52","0","0","0","14","0","Compiling M_1_00_kalinago_52: Platform=PCD3D_SM5, Usage=LightingModel=MSM_DefaultLit, BlendMode=BLEND_Opaque, SpecialEngine=0, TwoSided=0, TSNormal=1, Masked=0, Distorted=0, WritesEveryPixel=1, ModifiesMeshPosition=0, Usage={}"
"/Game/TrackBridge/KalinagoScene/Run_2b0d5b5e7e44432db837463ecc98aa91/Materials/M_1_00_kalinago_54.M_1_00_kalinago_54","0","0","0","14","0","Compiling M_1_00_kalinago_54: Platform=PCD3D_SM5, Usage=LightingModel=MSM_DefaultLit, BlendMode=BLEND_Opaque, SpecialEngine=0, TwoSided=0, TSNormal=1, Masked=0, Distorted=0, WritesEveryPixel=1, ModifiesMeshPosition=0, Usage={}"
"/Game/TrackBridge/KalinagoScene/Run_2b0d5b5e7e44432db837463ecc98aa91/Materials/M_1_00_kalinago_48.M_1_00_kalinago_48","0","0","0","14","0","Compiling M_1_00_kalinago_48: Platform=PCD3D_SM5, Usage=LightingModel=MSM_DefaultLit, BlendMode=BLEND_Opaque, SpecialEngine=0, TwoSided=0, TSNormal=1, Masked=0, Distorted=0, WritesEveryPixel=1, ModifiesMeshPosition=0, Usage={}"
"/Game/TrackBridge/KalinagoScene/Run_2b0d5b5e7e44432db837463ecc98aa91/Materials/M_7_grase_4.M_7_grase_4","0","0","0","14","0","Compiling M_7_grase_4: Platform=PCD3D_SM5, Usage=LightingModel=MSM_DefaultLit, BlendMode=BLEND_Opaque, SpecialEngine=0, TwoSided=0, TSNormal=1, Masked=0, Distorted=0, WritesEveryPixel=1, ModifiesMeshPosition=0, Usage={}"
"/Game/TrackBridge/KalinagoScene/Run_2b0d5b5e7e44432db837463ecc98aa91/Materials/M_1_00_kalinago_49.M_1_00_kalinago_49","0","0","0","14","0","Compiling M_1_00_kalinago_49: Platform=PCD3D_SM5, Usage=LightingModel=MSM_DefaultLit, BlendMode=BLEND_Opaque, SpecialEngine=0, TwoSided=0, TSNormal=1, Masked=0, Distorted=0, WritesEveryPixel=1, ModifiesMeshPosition=0, Usage={}"
"/Game/TrackBridge/KalinagoScene/Run_2b0d5b5e7e44432db837463ecc98aa91/Materials/M_1_00_kalinago_50.M_1_00_kalinago_50","0","0","0","14","0","Compiling M_1_00_kalinago_50: Platform=PCD3D_SM5, Usage=LightingModel=MSM_DefaultLit, BlendMode=BLEND_Opaque, SpecialEngine=0, TwoSided=0, TSNormal=1, Masked=0, Distorted=0, WritesEveryPixel=1, ModifiesMeshPosition=0, Usage={}"
"/Game/TrackBridge/KalinagoScene/Run_2b0d5b5e7e44432db837463ecc98aa91/Materials/M_1_00_kalinago_51.M_1_00_kalinago_51","0","0","0","14","0","Compiling M_1_00_kalinago_51: Platform=PCD3D_SM5, Usage=LightingModel=MSM_DefaultLit, BlendMode=BLEND_Opaque, SpecialEngine=0, TwoSided=0, TSNormal=1, Masked=0, Distorted=0, WritesEveryPixel=1, ModifiesMeshPosition=0, Usage={}"
"/Game/TrackBridge/KalinagoScene/Run_2b0d5b5e7e44432db837463ecc98aa91/Materials/M_1_00_kalinago_53.M_1_00_kalinago_53","0","0","0","14","0","Compiling M_1_00_kalinago_53: Platform=PCD3D_SM5, Usage=LightingModel=MSM_DefaultLit, BlendMode=BLEND_Opaque, SpecialEngine=0, TwoSided=0, TSNormal=1, Masked=0, Distorted=0, WritesEveryPixel=1, ModifiesMeshPosition=0, Usage={}"
"/Game/TrackBridge/KalinagoScene/Run_2b0d5b5e7e44432db837463ecc98aa91/Materials/M_1_00_kalinago_55.M_1_00_kalinago_55","0","0","0","14","0","Compiling M_1_00_kalinago_55: Platform=PCD3D_SM5, Usage=LightingModel=MSM_DefaultLit, BlendMode=BLEND_Opaque, SpecialEngine=0, TwoSided=0, TSNormal=1, Masked=0, Distorted=0, WritesEveryPixel=1, ModifiesMeshPosition=0, Usage={}"
"/Game/TrackBridge/KalinagoScene/Run_2b0d5b5e7e44432db837463ecc98aa91/Materials/M_1_00_kalinago_56.M_1_00_kalinago_56","0","0","0","29","0","Compiling M_1_00_kalinago_56: Platform=PCD3D_SM5, Usage=LightingModel=MSM_DefaultLit, BlendMode=BLEND_Masked, SpecialEngine=0, TwoSided=1, TSNormal=1, Masked=1, Distorted=0, WritesEveryPixel=0, ModifiesMeshPosition=0, Usage={}"
"/Game/TrackBridge/KalinagoScene/Run_2b0d5b5e7e44432db837463ecc98aa91/Materials/M_1_00_kalinago_57.M_1_00_kalinago_57","0","0","0","29","0","Compiling M_1_00_kalinago_57: Platform=PCD3D_SM5, Usage=LightingModel=MSM_DefaultLit, BlendMode=BLEND_Masked, SpecialEngine=0, TwoSided=1, TSNormal=1, Masked=1, Distorted=0, WritesEveryPixel=0, ModifiesMeshPosition=0, Usage={}"
"/Game/TrackBridge/KalinagoScene/Run_2b0d5b5e7e44432db837463ecc98aa91/Materials/M_1_00_kalinago_58.M_1_00_kalinago_58","0","0","0","29","0","Compiling M_1_00_kalinago_58: Platform=PCD3D_SM5, Usage=LightingModel=MSM_DefaultLit, BlendMode=BLEND_Masked, SpecialEngine=0, TwoSided=1, TSNormal=1, Masked=1, Distorted=0, WritesEveryPixel=0, ModifiesMeshPosition=0, Usage={}"
"/Game/TrackBridge/KalinagoScene/Run_2b0d5b5e7e44432db837463ecc98aa91/Materials/M_1_00_kalinago_59.M_1_00_kalinago_59","0","0","0","29","0","Compiling M_1_00_kalinago_59: Platform=PCD3D_SM5, Usage=LightingModel=MSM_DefaultLit, BlendMode=BLEND_Masked, SpecialEngine=0, TwoSided=1, TSNormal=1, Masked=1, Distorted=0, WritesEveryPixel=0, ModifiesMeshPosition=0, Usage={}"
"/Game/TrackBridge/KalinagoScene/Run_2b0d5b5e7e44432db837463ecc98aa91/Materials/M_1_00_kalinago_60.M_1_00_kalinago_60","0","0","0","29","0","Compiling M_1_00_kalinago_60: Platform=PCD3D_SM5, Usage=LightingModel=MSM_DefaultLit, BlendMode=BLEND_Masked, SpecialEngine=0, TwoSided=1, TSNormal=1, Masked=1, Distorted=0, WritesEveryPixel=0, ModifiesMeshPosition=0, Usage={}"
"/Game/TrackBridge/KalinagoScene/Run_2b0d5b5e7e44432db837463ecc98aa91/Materials/M_1_00_kalinago_61.M_1_00_kalinago_61","0","0","0","29","0","Compiling M_1_00_kalinago_61: Platform=PCD3D_SM5, Usage=LightingModel=MSM_DefaultLit, BlendMode=BLEND_Masked, SpecialEngine=0, TwoSided=1, TSNormal=1, Masked=1, Distorted=0, WritesEveryPixel=0, ModifiesMeshPosition=0, Usage={}"
"/Game/TrackBridge/KalinagoScene/Run_2b0d5b5e7e44432db837463ecc98aa91/Materials/M_1_00_kalinago_63.M_1_00_kalinago_63","0","0","0","29","0","Compiling M_1_00_kalinago_63: Platform=PCD3D_SM5, Usage=LightingModel=MSM_DefaultLit, BlendMode=BLEND_Masked, SpecialEngine=0, TwoSided=1, TSNormal=1, Masked=1, Distorted=0, WritesEveryPixel=0, ModifiesMeshPosition=0, Usage={}"
"/Game/TrackBridge/KalinagoScene/Run_2b0d5b5e7e44432db837463ecc98aa91/Materials/M_1_00_kalinago_64.M_1_00_kalinago_64","0","0","0","29","0","Compiling M_1_00_kalinago_64: Platform=PCD3D_SM5, Usage=LightingModel=MSM_DefaultLit, BlendMode=BLEND_Masked, SpecialEngine=0, TwoSided=1, TSNormal=1, Masked=1, Distorted=0, WritesEveryPixel=0, ModifiesMeshPosition=0, Usage={}"
"/Game/TrackBridge/KalinagoScene/Run_2b0d5b5e7e44432db837463ecc98aa91/Materials/M_1_00_kalinago_65.M_1_00_kalinago_65","0","0","0","29","0","Compiling M_1_00_kalinago_65: Platform=PCD3D_SM5, Usage=LightingModel=MSM_DefaultLit, BlendMode=BLEND_Masked, SpecialEngine=0, TwoSided=1, TSNormal=1, Masked=1, Distorted=0, WritesEveryPixel=0, ModifiesMeshPosition=0, Usage={}"
"/Game/TrackBridge/KalinagoScene/Run_2b0d5b5e7e44432db837463ecc98aa91/Materials/M_1_00_kalinago_67.M_1_00_kalinago_67","0","0","0","29","0","Compiling M_1_00_kalinago_67: Platform=PCD3D_SM5, Usage=LightingModel=MSM_DefaultLit, BlendMode=BLEND_Masked, SpecialEngine=0, TwoSided=1, TSNormal=1, Masked=1, Distorted=0, WritesEveryPixel=0, ModifiesMeshPosition=0, Usage={}"
"/Game/TrackBridge/KalinagoScene/Run_2b0d5b5e7e44432db837463ecc98aa91/Materials/M_1_00_kalinago_68.M_1_00_kalinago_68","0","0","0","29","0","Compiling M_1_00_kalinago_68: Platform=PCD3D_SM5, Usage=LightingModel=MSM_DefaultLit, BlendMode=BLEND_Masked, SpecialEngine=0, TwoSided=1, TSNormal=1, Masked=1, Distorted=0, WritesEveryPixel=0, ModifiesMeshPosition=0, Usage={}"
"/Game/TrackBridge/KalinagoScene/Run_2b0d5b5e7e44432db837463ecc98aa91/Materials/M_20_kunos_props_b_3.M_20_kunos_props_b_3","0","0","0","14","0","Compiling M_20_kunos_props_b_3: Platform=PCD3D_SM5, Usage=LightingModel=MSM_DefaultLit, BlendMode=BLEND_Opaque, SpecialEngine=0, TwoSided=0, TSNormal=1, Masked=0, Distorted=0, WritesEveryPixel=1, ModifiesMeshPosition=0, Usage={}"
"/Game/TrackBridge/KalinagoScene/Run_2b0d5b5e7e44432db837463ecc98aa91/Materials/M_20_kunos_props_b_5.M_20_kunos_props_b_5","0","0","0","14","0","Compiling M_20_kunos_props_b_5: Platform=PCD3D_SM5, Usage=LightingModel=MSM_DefaultLit, BlendMode=BLEND_Opaque, SpecialEngine=0, TwoSided=0, TSNormal=1, Masked=0, Distorted=0, WritesEveryPixel=1, ModifiesMeshPosition=0, Usage={}"
"/Game/TrackBridge/KalinagoScene/Run_2b0d5b5e7e44432db837463ecc98aa91/Materials/M_20_kunos_props_b_6.M_20_kunos_props_b_6","0","0","0","14","0","Compiling M_20_kunos_props_b_6: Platform=PCD3D_SM5, Usage=LightingModel=MSM_DefaultLit, BlendMode=BLEND_Opaque, SpecialEngine=0, TwoSided=0, TSNormal=1, Masked=0, Distorted=0, WritesEveryPixel=1, ModifiesMeshPosition=0, Usage={}"
"/Game/TrackBridge/KalinagoScene/Run_2b0d5b5e7e44432db837463ecc98aa91/Materials/M_20_kunos_props_b_7.M_20_kunos_props_b_7","0","0","0","14","0","Compiling M_20_kunos_props_b_7: Platform=PCD3D_SM5, Usage=LightingModel=MSM_DefaultLit, BlendMode=BLEND_Opaque, SpecialEngine=0, TwoSided=0, TSNormal=1, Masked=0, Distorted=0, WritesEveryPixel=1, ModifiesMeshPosition=0, Usage={}"
"/Game/TrackBridge/KalinagoScene/Run_2b0d5b5e7e44432db837463ecc98aa91/Materials/M_20_kunos_props_b_9.M_20_kunos_props_b_9","0","0","0","14","0","Compiling M_20_kunos_props_b_9: Platform=PCD3D_SM5, Usage=LightingModel=MSM_DefaultLit, BlendMode=BLEND_Opaque, SpecialEngine=0, TwoSided=0, TSNormal=1, Masked=0, Distorted=0, WritesEveryPixel=1, ModifiesMeshPosition=0, Usage={}"
"/Game/TrackBridge/KalinagoScene/Run_2b0d5b5e7e44432db837463ecc98aa91/Materials/M_20_kunos_props_b_10.M_20_kunos_props_b_10","0","0","0","14","0","Compiling M_20_kunos_props_b_10: Platform=PCD3D_SM5, Usage=LightingModel=MSM_DefaultLit, BlendMode=BLEND_Opaque, SpecialEngine=0, TwoSided=0, TSNormal=1, Masked=0, Distorted=0, WritesEveryPixel=1, ModifiesMeshPosition=0, Usage={}"
"/Game/TrackBridge/KalinagoScene/Run_2b0d5b5e7e44432db837463ecc98aa91/Materials/M_20_kunos_props_b_11.M_20_kunos_props_b_11","0","0","0","14","0","Compiling M_20_kunos_props_b_11: Platform=PCD3D_SM5, Usage=LightingModel=MSM_DefaultLit, BlendMode=BLEND_Opaque, SpecialEngine=0, TwoSided=0, TSNormal=1, Masked=0, Distorted=0, WritesEveryPixel=1, ModifiesMeshPosition=0, Usage={}"
"/Game/TrackBridge/KalinagoScene/Run_2b0d5b5e7e44432db837463ecc98aa91/Materials/M_21_2024_0.M_21_2024_0","0","0","0","14","0","Compiling M_21_2024_0: Platform=PCD3D_SM5, Usage=LightingModel=MSM_DefaultLit, BlendMode=BLEND_Opaque, SpecialEngine=0, TwoSided=0, TSNormal=1, Masked=0, Distorted=0, WritesEveryPixel=1, ModifiesMeshPosition=0, Usage={}"
"/Game/TrackBridge/KalinagoScene/Run_2b0d5b5e7e44432db837463ecc98aa91/Materials/M_22_flags_f1_1.M_22_flags_f1_1","0","0","0","20","0","Compiling M_22_flags_f1_1: Platform=PCD3D_SM5, Usage=LightingModel=MSM_DefaultLit, BlendMode=BLEND_Translucent, SpecialEngine=0, TwoSided=0, TSNormal=1, Masked=0, Distorted=0, WritesEveryPixel=1, ModifiesMeshPosition=0, Usage={}"
"/Game/TrackBridge/KalinagoScene/Run_2b0d5b5e7e44432db837463ecc98aa91/Materials/M_22_flags_f1_3.M_22_flags_f1_3","0","0","0","20","0","Compiling M_22_flags_f1_3: Platform=PCD3D_SM5, Usage=LightingModel=MSM_DefaultLit, BlendMode=BLEND_Translucent, SpecialEngine=0, TwoSided=0, TSNormal=1, Masked=0, Distorted=0, WritesEveryPixel=1, ModifiesMeshPosition=0, Usage={}"
"/Game/TrackBridge/KalinagoScene/Run_2b0d5b5e7e44432db837463ecc98aa91/Materials/M_6_mountains_0.M_6_mountains_0","0","0","0","14","0","Compiling M_6_mountains_0: Platform=PCD3D_SM5, Usage=LightingModel=MSM_DefaultLit, BlendMode=BLEND_Opaque, SpecialEngine=0, TwoSided=0, TSNormal=1, Masked=0, Distorted=0, WritesEveryPixel=1, ModifiesMeshPosition=0, Usage={}"
"/Game/TrackBridge/KalinagoScene/Run_2b0d5b5e7e44432db837463ecc98aa91/Materials/M_7_grase_0.M_7_grase_0","0","0","0","14","0","Compiling M_7_grase_0: Platform=PCD3D_SM5, Usage=LightingModel=MSM_DefaultLit, BlendMode=BLEND_Opaque, SpecialEngine=0, TwoSided=0, TSNormal=1, Masked=0, Distorted=0, WritesEveryPixel=1, ModifiesMeshPosition=0, Usage={}"
"/Game/TrackBridge/KalinagoScene/Run_2b0d5b5e7e44432db837463ecc98aa91/Materials/M_7_grase_1.M_7_grase_1","0","0","0","14","0","Compiling M_7_grase_1: Platform=PCD3D_SM5, Usage=LightingModel=MSM_DefaultLit, BlendMode=BLEND_Opaque, SpecialEngine=0, TwoSided=0, TSNormal=1, Masked=0, Distorted=0, WritesEveryPixel=1, ModifiesMeshPosition=0, Usage={}"
"/Game/TrackBridge/KalinagoScene/Run_2b0d5b5e7e44432db837463ecc98aa91/Materials/M_7_grase_2.M_7_grase_2","0","0","0","14","0","Compiling M_7_grase_2: Platform=PCD3D_SM5, Usage=LightingModel=MSM_DefaultLit, BlendMode=BLEND_Opaque, SpecialEngine=0, TwoSided=0, TSNormal=1, Masked=0, Distorted=0, WritesEveryPixel=1, ModifiesMeshPosition=0, Usage={}"
"/Game/TrackBridge/KalinagoScene/Run_2b0d5b5e7e44432db837463ecc98aa91/Materials/M_7_grase_3.M_7_grase_3","0","0","0","14","0","Compiling M_7_grase_3: Platform=PCD3D_SM5, Usage=LightingModel=MSM_DefaultLit, BlendMode=BLEND_Opaque, SpecialEngine=0, TwoSided=0, TSNormal=1, Masked=0, Distorted=0, WritesEveryPixel=1, ModifiesMeshPosition=0, Usage={}"
"/Game/TrackBridge/KalinagoScene/Run_2b0d5b5e7e44432db837463ecc98aa91/Materials/M_8_trees_1_0.M_8_trees_1_0","0","0","0","29","0","Compiling M_8_trees_1_0: Platform=PCD3D_SM5, Usage=LightingModel=MSM_DefaultLit, BlendMode=BLEND_Masked, SpecialEngine=0, TwoSided=1, TSNormal=1, Masked=1, Distorted=0, WritesEveryPixel=0, ModifiesMeshPosition=0, Usage={}"
"/Game/TrackBridge/KalinagoScene/Run_2b0d5b5e7e44432db837463ecc98aa91/Materials/M_8_trees_1_1.M_8_trees_1_1","0","0","0","29","0","Compiling M_8_trees_1_1: Platform=PCD3D_SM5, Usage=LightingModel=MSM_DefaultLit, BlendMode=BLEND_Masked, SpecialEngine=0, TwoSided=1, TSNormal=1, Masked=1, Distorted=0, WritesEveryPixel=0, ModifiesMeshPosition=0, Usage={}"
"/Game/TrackBridge/KalinagoScene/Run_2b0d5b5e7e44432db837463ecc98aa91/Materials/M_9_trees_2_0.M_9_trees_2_0","0","0","0","29","0","Compiling M_9_trees_2_0: Platform=PCD3D_SM5, Usage=LightingModel=MSM_DefaultLit, BlendMode=BLEND_Masked, SpecialEngine=0, TwoSided=1, TSNormal=1, Masked=1, Distorted=0, WritesEveryPixel=0, ModifiesMeshPosition=0, Usage={}"
"/SpeedTreeImporter/SpeedTree9/SpeedTreeBillboardMaster.SpeedTreeBillboardMaster","0","0","0","58","0","Compiling SpeedTreeBillboardMaster: Platform=PCD3D_SM5, Usage=LightingModel=MSM_TwoSidedFoliage, BlendMode=BLEND_Masked, SpecialEngine=0, TwoSided=0, TSNormal=1, Masked=1, Distorted=0, WritesEveryPixel=0, ModifiesMeshPosition=1, Usage={bUsedWithInstancedStaticMeshes}"
"/SpeedTreeImporter/SpeedTree9/SpeedTreeMaster.SpeedTreeMaster","0","0","0","84","0","Compiling SpeedTreeMaster: Platform=PCD3D_SM5, Usage=LightingModel=MSM_TwoSidedFoliage, BlendMode=BLEND_Masked, SpecialEngine=0, TwoSided=1, TSNormal=1, Masked=1, Distorted=0, WritesEveryPixel=0, ModifiesMeshPosition=1, Usage={bUsedWithStaticLighting,bUsedWithInstancedStaticMeshes}"
