-105.7219,0.1836,47.6214,0.000621
-105.2638,0.1822,47.1625,0.000933
-104.8036,0.1809,46.7012,0.001246
-104.3426,0.1794,46.2400,0.001559
-103.8800,0.1778,45.7775,0.001873
-103.4133,0.1762,45.3110,0.002190
-102.9491,0.1744,44.8476,0.002506
-102.4801,0.1727,44.3796,0.002823
-102.0120,0.1711,43.9131,0.003143
-101.5410,0.1700,43.4439,0.003462
-101.0706,0.1694,42.9750,0.003783
-100.5967,0.1680,42.5034,0.004105
-100.1206,0.1667,42.0297,0.004428
-99.6439,0.1658,41.5553,0.004751
-99.1661,0.1650,41.0797,0.005074
-98.6862,0.1642,40.6021,0.005403
-98.2045,0.1634,40.1227,0.005730
-97.7230,0.1625,39.6435,0.006055
-97.2383,0.1618,39.1610,0.006386
-96.7524,0.1612,38.6770,0.006715
-96.2670,0.1606,38.1934,0.007045
-95.7775,0.1601,37.7056,0.007378
-95.2895,0.1595,37.2192,0.007710
-94.7989,0.1589,36.7299,0.008044
-94.3080,0.1577,36.2396,0.008377
-93.8146,0.1561,35.7463,0.008714
-93.3225,0.1545,35.2537,0.009047
-92.8278,0.1528,34.7573,0.009384
-92.3327,0.1512,34.2596,0.009721
-91.8416,0.1496,33.7650,0.010056
-91.3445,0.1465,33.2638,0.010395
-90.8495,0.1435,32.7644,0.010732
-90.3554,0.1404,32.2654,0.011069
-89.8566,0.1373,31.7613,0.011411
-89.3585,0.1343,31.2569,0.011753
-88.8630,0.1306,30.7537,0.012092
-88.3641,0.1260,30.2457,0.012434
-87.8653,0.1216,29.7376,0.012774
-87.3677,0.1172,29.2309,0.013117
-86.8669,0.1127,28.7216,0.013459
-86.3645,0.1073,28.2119,0.013804
-85.8624,0.1026,27.7018,0.014148
-85.3589,0.0980,27.1906,0.014494
-84.8533,0.0935,26.6777,0.014840
-84.3470,0.0894,26.1642,0.015185
-83.8391,0.0859,25.6501,0.015534
-83.3288,0.0828,25.1341,0.015880
-82.8193,0.0800,24.6197,0.016229
-82.3061,0.0773,24.1021,0.016582
-81.7907,0.0747,23.5836,0.016950
-81.2765,0.0719,23.0674,0.017384
-80.7566,0.0691,22.5468,0.017543
-79.7152,0.0627,21.5071,0.018387
-79.1916,0.0593,20.9847,0.018694
-78.6676,0.0554,20.4615,0.019740
-77.6146,0.0459,19.4094,0.019757
-77.0848,0.0403,18.8794,0.020028
-76.5559,0.0361,18.3503,0.020491
-76.0237,0.0318,17.8176,0.020853
-75.4928,0.0277,17.2856,0.021216
-74.9601,0.0241,16.7515,0.021579
-74.4235,0.0204,16.2131,0.021943
-73.8888,0.0168,15.6763,0.022307
-73.3537,0.0131,15.1389,0.022670
-72.8113,0.0096,14.5938,0.023040
-72.2764,0.0071,14.0560,0.023405
-71.7369,0.0047,13.5131,0.023774
-71.1937,0.0021,12.9661,0.024144
-70.6539,-0.0004,12.4223,0.024513
-70.1105,-0.0028,11.8748,0.024883
-69.5626,-0.0048,11.3227,0.025257
-69.0199,-0.0068,10.7762,0.025628
-68.4727,-0.0088,10.2253,0.026000
-67.9236,-0.0108,9.6727,0.026375
-67.3752,-0.0094,9.1217,0.026749
-66.8250,-0.0115,8.5681,0.027123
-66.2709,-0.0129,8.0098,0.027502
-65.7191,-0.0143,7.4540,0.027879
-65.1649,-0.0154,6.8959,0.028257
-64.6096,-0.0165,6.3367,0.028638
-64.0535,-0.0178,5.7764,0.029017
-63.4955,-0.0193,5.2143,0.029397
-62.9355,-0.0205,4.6504,0.029779
-62.3751,-0.0215,4.0864,0.030161
-61.8142,-0.0225,3.5221,0.030545
-61.2490,-0.0237,2.9542,0.030929
-60.6851,-0.0257,2.3879,0.031315
-60.1190,-0.0283,1.8204,0.031700
-59.5499,-0.0309,1.2503,0.032087
-58.9802,-0.0335,0.6807,0.032475
-58.4092,-0.0364,0.1105,0.032863
-57.8330,-0.0394,-0.4637,0.033255
-57.2594,-0.0425,-1.0345,0.033644
-56.6798,-0.0455,-1.6104,0.034038
-56.1011,-0.0482,-2.1841,0.034430
-55.5213,-0.0503,-2.7594,0.034822
-54.9385,-0.0523,-3.3377,0.035217
-54.3543,-0.0532,-3.9170,0.035614
-53.7687,-0.0538,-4.4977,0.036010
-53.1827,-0.0544,-5.0782,0.036406
-52.5927,-0.0554,-5.6624,0.036804
-52.0061,-0.0566,-6.2431,0.037202
-51.4158,-0.0575,-6.8273,0.037601
-50.8234,-0.0576,-7.4135,0.038003
-50.2310,-0.0576,-8.0005,0.038404
-49.6376,-0.0564,-8.5883,0.038805
-49.0436,-0.0552,-9.1771,0.039207
-48.4430,-0.0564,-9.7733,0.039612
-47.8560,-0.0558,-10.3560,0.040010
-47.2604,-0.0551,-10.9472,0.040414
-46.6634,-0.0545,-11.5401,0.040815
-46.0675,-0.0534,-12.1320,0.041219
-45.4697,-0.0520,-12.7256,0.041622
-44.8723,-0.0506,-13.3189,0.042031
-44.2753,-0.0492,-13.9118,0.042436
-43.6748,-0.0477,-14.5084,0.042841
-43.0780,-0.0459,-15.1015,0.043246
-42.4786,-0.0440,-15.6974,0.043652
-41.8766,-0.0421,-16.2960,0.044060
-41.2765,-0.0403,-16.8931,0.044466
-40.6768,-0.0387,-17.4902,0.044873
-40.0744,-0.0373,-18.0903,0.045282
-39.4713,-0.0358,-18.6913,0.045689
-38.8719,-0.0344,-19.2887,0.046097
-38.2682,-0.0336,-19.8906,0.046508
-37.6638,-0.0340,-20.4932,0.046918
-37.0635,-0.0344,-21.0919,0.047326
-36.4564,-0.0348,-21.6975,0.047738
-35.8525,-0.0353,-22.3004,0.048149
-35.2488,-0.0376,-22.9037,0.048559
-34.6434,-0.0400,-23.5087,0.048971
-34.0357,-0.0424,-24.1163,0.049383
-33.4313,-0.0448,-24.7209,0.049795
-32.8238,-0.0471,-25.3290,0.050209
-32.2156,-0.0493,-25.9377,0.050623
-31.6103,-0.0515,-26.5438,0.051036
-30.9995,-0.0538,-27.1555,0.051452
-30.3906,-0.0556,-27.7656,0.051866
-29.7830,-0.0567,-28.3744,0.052279
-29.1708,-0.0579,-28.9879,0.052695
-28.5590,-0.0590,-29.6011,0.053114
-27.9490,-0.0600,-30.2122,0.053528
-27.3356,-0.0602,-30.8266,0.053946
-26.7216,-0.0604,-31.4416,0.054364
-26.1114,-0.0606,-32.0529,0.054780
-25.4945,-0.0607,-32.6710,0.055199
-24.8790,-0.0611,-33.2878,0.055619
-24.2662,-0.0615,-33.9019,0.056035
-23.6476,-0.0619,-34.5220,0.056456
-23.0310,-0.0623,-35.1402,0.056877
-22.4127,-0.0629,-35.7602,0.057296
-21.7939,-0.0637,-36.3807,0.057718
-21.1736,-0.0646,-37.0027,0.058141
-20.5564,-0.0654,-37.6214,0.058561
-19.9353,-0.0663,-38.2441,0.058983
-19.3131,-0.0675,-38.8676,0.059409
-18.6895,-0.0687,-39.4928,0.059831
-18.0671,-0.0699,-40.1167,0.060255
-17.4422,-0.0705,-40.7432,0.060681
-16.8200,-0.0701,-41.3672,0.061104
-16.1930,-0.0697,-41.9962,0.061530
-15.5666,-0.0693,-42.6244,0.061957
-14.9424,-0.0686,-43.2503,0.062381
-14.3126,-0.0668,-43.8816,0.062810
-13.6823,-0.0650,-44.5132,0.063237
-13.0560,-0.0631,-45.1408,0.063666
-12.4230,-0.0612,-45.7751,0.064096
-11.7913,-0.0591,-46.4080,0.064526
-11.1596,-0.0569,-47.0410,0.064956
-10.5248,-0.0548,-47.6770,0.065389
-9.8906,-0.0526,-48.3123,0.065819
-9.2566,-0.0490,-48.9470,0.066251
-8.6215,-0.0455,-49.5827,0.066683
-7.9809,-0.0419,-50.2235,0.067118
-7.3437,-0.0382,-50.8608,0.067551
-6.7035,-0.0331,-51.5003,0.067985
-6.0622,-0.0280,-52.1403,0.068422
-5.4220,-0.0229,-52.7790,0.068856
-4.7760,-0.0176,-53.4227,0.069293
-4.1348,-0.0084,-54.0607,0.069730
-3.4901,0.0009,-54.7019,0.070166
-2.8459,0.0102,-55.3426,0.070604
-2.1990,0.0189,-55.9858,0.071042
-1.5499,0.0200,-56.6309,0.071483
-0.9018,0.0211,-57.2744,0.071922
-0.2526,0.0220,-57.9185,0.072362
0.4182,0.0230,-58.5838,0.072816
1.0512,0.0236,-59.2116,0.073245
1.7045,0.0241,-59.8594,0.073686
2.3576,0.0246,-60.5071,0.074129
3.0103,0.0253,-61.1547,0.074571
3.6675,0.0256,-61.8069,0.075017
4.3212,0.0260,-62.4560,0.075459
4.9770,0.0264,-63.1069,0.075904
5.6345,0.0268,-63.7597,0.076348
6.2910,0.0269,-64.4114,0.076794
6.9486,0.0268,-65.0643,0.077239
7.6068,0.0267,-65.7175,0.077684
8.2627,0.0265,-66.3686,0.078129
8.9222,0.0262,-67.0234,0.078575
9.5822,0.0257,-67.6790,0.079023
10.2364,0.0251,-68.3290,0.079465
10.8965,0.0245,-68.9850,0.079912
11.5572,0.0237,-69.6420,0.080360
12.2122,0.0222,-70.2935,0.080804
12.8737,0.0207,-70.9517,0.081254
13.5291,0.0192,-71.6043,0.081698
14.1868,0.0176,-72.2598,0.082145
14.8442,0.0156,-72.9157,0.082591
15.5045,0.0136,-73.5750,0.083039
16.1600,0.0116,-74.2303,0.083486
16.8204,0.0095,-74.8909,0.083933
17.4755,0.0078,-75.5464,0.084379
18.1343,0.0061,-76.2058,0.084828
18.7928,0.0044,-76.8648,0.085274
19.4493,0.0026,-77.5219,0.085722
20.1072,0.0004,-78.1805,0.086168
20.7644,-0.0019,-78.8383,0.086615
21.4216,-0.0042,-79.4960,0.087065
22.0810,-0.0066,-80.1559,0.087511
22.7352,-0.0098,-80.8107,0.087956
23.3959,-0.0134,-81.4724,0.088405
24.0522,-0.0171,-82.1305,0.088853
24.7105,-0.0207,-82.7916,0.089300
25.3664,-0.0245,-83.4514,0.089748
26.0214,-0.0283,-84.1109,0.090196
26.6778,-0.0322,-84.7725,0.090642
27.3332,-0.0361,-85.4340,0.091090
27.9893,-0.0390,-86.0972,0.091538
28.6439,-0.0410,-86.7600,0.091986
29.2978,-0.0430,-87.4233,0.092434
29.9516,-0.0450,-88.0872,0.092879
30.6051,-0.0461,-88.7503,0.093328
31.2584,-0.0459,-89.4133,0.093775
31.9114,-0.0458,-90.0762,0.094223
32.5661,-0.0456,-90.7411,0.094672
33.2182,-0.0452,-91.4030,0.095116
33.8716,-0.0444,-92.0662,0.095565
34.5264,-0.0436,-92.7305,0.096012
35.1815,-0.0428,-93.3947,0.096462
35.8349,-0.0420,-94.0569,0.096909
36.4901,-0.0410,-94.7209,0.097356
37.1453,-0.0399,-95.3850,0.097806
37.7990,-0.0389,-96.0477,0.098253
38.4551,-0.0379,-96.7124,0.098703
39.1112,-0.0364,-97.3771,0.099151
39.7663,-0.0350,-98.0408,0.099600
40.4219,-0.0335,-98.7050,0.100049
41.0821,-0.0320,-99.3739,0.100501
41.7340,-0.0308,-100.0341,0.100947
42.3895,-0.0296,-100.6977,0.101394
43.0479,-0.0284,-101.3640,0.101845
43.6980,-0.0273,-102.0213,0.102287
44.3539,-0.0259,-102.6839,0.102734
45.0091,-0.0244,-103.3452,0.103182
45.6606,-0.0229,-104.0020,0.103632
46.3163,-0.0214,-104.6619,0.104080
46.9705,-0.0198,-105.3195,0.104525
47.6231,-0.0180,-105.9746,0.104968
48.2762,-0.0163,-106.6292,0.105414
48.9313,-0.0146,-107.2851,0.105859
49.5817,-0.0135,-107.9353,0.106304
50.2345,-0.0129,-108.5871,0.106746
50.8909,-0.0124,-109.2411,0.107192
51.5412,-0.0117,-109.8880,0.107633
52.1983,-0.0108,-110.5399,0.108078
52.8508,-0.0094,-111.1863,0.108520
53.5057,-0.0079,-111.8345,0.108966
54.1565,-0.0064,-112.4771,0.109403
54.8109,-0.0046,-113.1221,0.109846
55.4662,-0.0013,-113.7675,0.110287
56.1177,0.0020,-114.4093,0.110728
56.7725,0.0053,-115.0547,0.111170
57.4242,0.0086,-115.6971,0.111609
58.0762,0.0111,-116.3401,0.112051
58.7271,0.0136,-116.9825,0.112489
59.3787,0.0161,-117.6261,0.112931
60.0298,0.0186,-118.2696,0.113368
60.6801,0.0189,-118.9127,0.113809
61.3313,0.0185,-119.5568,0.114248
61.9768,0.0180,-120.1954,0.114685
62.6263,0.0176,-120.8379,0.115125
63.2756,0.0168,-121.4805,0.115565
63.9235,0.0158,-122.1213,0.116003
64.5730,0.0148,-122.7631,0.116439
65.2229,0.0138,-123.4050,0.116880
65.8699,0.0130,-124.0438,0.117317
66.5203,0.0127,-124.6858,0.117758
67.1685,0.0124,-125.3255,0.118196
67.8146,0.0121,-125.9634,0.118630
68.4615,0.0118,-126.6023,0.119070
69.1109,0.0111,-127.2441,0.119507
69.7577,0.0105,-127.8838,0.119943
70.4058,0.0099,-128.5253,0.120382
71.0513,0.0093,-129.1648,0.120820
71.6970,0.0077,-129.8051,0.121256
72.3402,0.0061,-130.4429,0.121691
72.9847,0.0044,-131.0822,0.122129
73.6304,0.0027,-131.7225,0.122565
74.2753,0.0010,-132.3622,0.123002
74.9206,-0.0007,-133.0021,0.123438
75.5623,-0.0024,-133.6384,0.123870
76.2084,-0.0041,-134.2791,0.124313
76.8524,-0.0058,-134.9178,0.124747
77.4955,-0.0075,-135.5555,0.125181
78.1391,-0.0092,-136.1936,0.125619
78.7844,-0.0109,-136.8335,0.126055
79.4260,-0.0123,-137.4695,0.126488
80.0685,-0.0128,-138.1061,0.126925
80.7138,-0.0133,-138.7456,0.127359
81.3552,-0.0137,-139.3815,0.127795
81.9977,-0.0142,-140.0190,0.128228
82.6417,-0.0136,-140.6586,0.128666
83.2815,-0.0128,-141.2951,0.129100
83.9218,-0.0121,-141.9329,0.129534
84.5632,-0.0114,-142.5725,0.129968
85.2020,-0.0107,-143.2101,0.130401
85.8419,-0.0100,-143.8493,0.130836
86.4796,-0.0093,-144.4871,0.131271
87.1175,-0.0085,-145.1254,0.131705
87.7574,-0.0076,-145.7661,0.132141
88.3939,-0.0062,-146.4037,0.132572
89.0300,-0.0049,-147.0413,0.133007
89.6682,-0.0036,-147.6814,0.133441
90.3033,-0.0024,-148.3186,0.133870
90.9395,-0.0015,-148.9572,0.134306
91.5754,-0.0007,-149.5962,0.134736
92.2127,0.0002,-150.2372,0.135172
92.8443,0.0010,-150.8732,0.135603
93.4798,0.0013,-151.5138,0.136038
94.1126,0.0016,-152.1512,0.136471
94.7479,0.0018,-152.7911,0.136904
95.3803,0.0020,-153.4282,0.137336
96.0144,0.0025,-154.0668,0.137766
96.6479,0.0033,-154.7049,0.138198
97.2796,0.0041,-155.3412,0.138629
97.9155,0.0050,-155.9817,0.139063
98.5466,0.0059,-156.6176,0.139494
99.1785,0.0071,-157.2546,0.139926
99.8133,0.0083,-157.8948,0.140357
100.4421,0.0096,-158.5294,0.140788
101.0731,0.0108,-159.1662,0.141220
101.7067,0.0123,-159.8056,0.141651
102.3373,0.0138,-160.4420,0.142081
102.9655,0.0154,-161.0760,0.142513
103.6002,0.0169,-161.7164,0.142944
104.2297,0.0180,-162.3517,0.143374
104.8580,0.0190,-162.9857,0.143801
105.4907,0.0200,-163.6243,0.144234
106.1172,0.0209,-164.2566,0.144663
106.7474,0.0210,-164.8928,0.145092
107.3788,0.0198,-165.5301,0.145525
108.0069,0.0186,-166.1639,0.145954
108.6366,0.0174,-166.7994,0.146386
109.2658,0.0158,-167.4344,0.146812
109.8947,0.0129,-168.0695,0.147244
110.5225,0.0100,-168.7038,0.147673
111.1523,0.0071,-169.3406,0.148104
111.7767,0.0042,-169.9725,0.148529
112.4062,0.0014,-170.6099,0.148959
113.0357,-0.0014,-171.2470,0.149390
113.6598,-0.0041,-171.8785,0.149819
114.2868,-0.0068,-172.5128,0.150248
114.9143,-0.0088,-173.1476,0.150674
115.5423,-0.0100,-173.7830,0.151104
116.1675,-0.0112,-174.4158,0.151533
116.7947,-0.0124,-175.0506,0.151963
117.4228,-0.0135,-175.6854,0.152389
118.0500,-0.0138,-176.3189,0.152819
118.6750,-0.0140,-176.9496,0.153244
119.3010,-0.0143,-177.5807,0.153674
119.9292,-0.0145,-178.2135,0.154101
120.5569,-0.0144,-178.8454,0.154527
121.1835,-0.0143,-179.4756,0.154959
121.8120,-0.0141,-180.1074,0.155385
122.4404,-0.0139,-180.7386,0.155814
123.0647,-0.0135,-181.3655,0.156240
123.6947,-0.0130,-181.9978,0.156668
124.3225,-0.0124,-182.6281,0.157098
124.9488,-0.0118,-183.2568,0.157525
125.5762,-0.0112,-183.8863,0.157953
126.2033,-0.0103,-184.5153,0.158378
126.8335,-0.0093,-185.1470,0.158809
127.4607,-0.0082,-185.7753,0.159233
128.0893,-0.0072,-186.4044,0.159661
128.7175,-0.0063,-187.0321,0.160088
129.3436,-0.0053,-187.6571,0.160513
129.9758,-0.0044,-188.2873,0.160942
130.6026,-0.0034,-188.9120,0.161369
131.2319,-0.0024,-189.5390,0.161795
131.8604,-0.0014,-190.1653,0.162221
132.4883,-0.0003,-190.7910,0.162648
133.1183,0.0007,-191.4185,0.163075
133.7484,0.0019,-192.0446,0.163502
134.3759,0.0029,-192.6670,0.163928
135.0051,0.0040,-193.2897,0.164353
135.6383,0.0050,-193.9158,0.164782
136.2646,0.0059,-194.5351,0.165203
136.8963,0.0057,-195.1584,0.165633
137.5291,0.0056,-195.7818,0.166059
138.1583,0.0055,-196.4005,0.166487
138.7906,0.0053,-197.0211,0.166913
139.4224,0.0050,-197.6410,0.167337
140.0503,0.0044,-198.2567,0.167759
140.6780,0.0039,-198.8719,0.168179
141.3073,0.0034,-199.4883,0.168606
141.9327,0.0031,-200.1006,0.169028
142.5561,0.0029,-200.7115,0.169446
143.1796,0.0027,-201.3231,0.169867
143.8030,0.0024,-201.9351,0.170286
144.4194,0.0022,-202.5409,0.170702
145.0365,0.0020,-203.1479,0.171116
145.6521,0.0018,-203.7537,0.171530
146.2656,0.0016,-204.3576,0.171947
146.8783,0.0014,-204.9606,0.172359
147.4906,0.0012,-205.5634,0.172772
148.0999,0.0011,-206.1631,0.173182
148.7063,0.0019,-206.7598,0.173593
149.3125,0.0026,-207.3566,0.174002
149.9175,0.0033,-207.9527,0.174408
150.5226,0.0041,-208.5493,0.174820
151.1202,0.0044,-209.1392,0.175222
151.7202,0.0046,-209.7314,0.175626
152.3213,0.0049,-210.3249,0.176032
152.9157,0.0052,-210.9118,0.176435
153.5104,0.0054,-211.4991,0.176837
154.1062,0.0057,-212.0877,0.177235
154.6974,0.0056,-212.6721,0.177637
155.2881,0.0056,-213.2558,0.178040
155.8796,0.0056,-213.8407,0.178439
156.4644,0.0056,-214.4194,0.178835
157.0502,0.0056,-214.9996,0.179227
157.6352,0.0055,-215.5795,0.179624
158.2186,0.0058,-216.1582,0.180021
158.7985,0.0065,-216.7344,0.180411
159.3791,0.0071,-217.3124,0.180803
159.9534,0.0078,-217.8855,0.181198
160.5296,0.0085,-218.4613,0.181585
161.1021,0.0088,-219.0350,0.181976
161.6747,0.0089,-219.6094,0.182366
162.2424,0.0092,-220.1799,0.182754
162.8081,0.0095,-220.7495,0.183141
163.3730,0.0099,-221.3193,0.183525
163.9326,0.0102,-221.8852,0.183910
164.4948,0.0103,-222.4553,0.184290
165.0530,0.0097,-223.0219,0.184673
165.6072,0.0091,-223.5840,0.185051
166.1627,0.0085,-224.1470,0.185430
166.7153,0.0079,-224.7070,0.185809
167.2675,0.0073,-225.2667,0.186189
167.8152,0.0067,-225.8217,0.186563
168.3641,0.0059,-226.3783,0.186937
168.9136,0.0046,-226.9354,0.187318
169.4548,0.0034,-227.4841,0.187689
169.9994,0.0021,-228.0361,0.188059
170.5422,0.0008,-228.5863,0.188428
171.0831,-0.0004,-229.1345,0.188800
171.6219,-0.0007,-229.6799,0.189165
172.1591,-0.0008,-230.2242,0.189535
172.6980,-0.0009,-230.7705,0.189904
173.2315,-0.0011,-231.3115,0.190271
173.7637,-0.0011,-231.8511,0.190635
174.2973,-0.0012,-232.3924,0.190998
174.8287,-0.0014,-232.9316,0.191359
175.3564,-0.0009,-233.4671,0.191719
175.8859,-0.0003,-234.0044,0.192083
176.4115,0.0002,-234.5376,0.192439
176.9375,0.0008,-235.0714,0.192802
177.4601,0.0013,-235.6017,0.193157
177.9815,0.0017,-236.1317,0.193514
178.5030,0.0007,-236.6615,0.193867
179.0208,-0.0006,-237.1876,0.194222
179.5403,-0.0019,-237.7152,0.194574
180.0557,-0.0031,-238.2388,0.194927
180.5705,-0.0044,-238.7619,0.195281
181.0836,-0.0057,-239.2835,0.195632
181.5953,-0.0068,-239.8031,0.195981
182.1048,-0.0090,-240.3209,0.196322
182.6107,-0.0111,-240.8353,0.196669
183.1162,-0.0132,-241.3496,0.197015
183.6153,-0.0153,-241.8578,0.197356
184.1105,-0.0174,-242.3623,0.197686
184.5966,-0.0186,-242.8569,0.198016
185.0745,-0.0199,-243.3443,0.198342
185.5418,-0.0211,-243.8210,0.198659
185.9982,-0.0224,-244.2872,0.198966
186.4435,-0.0236,-244.7425,0.199266
186.8786,-0.0247,-245.1876,0.199558
187.3074,-0.0259,-245.6271,0.199850
187.7270,-0.0265,-246.0573,0.200133
188.1419,-0.0272,-246.4841,0.200411
188.5503,-0.0280,-246.9047,0.200680
188.9540,-0.0287,-247.3212,0.200948
189.3538,-0.0294,-247.7350,0.201217
189.7500,-0.0300,-248.1473,0.201474
190.1435,-0.0307,-248.5583,0.201736
190.5331,-0.0314,-248.9670,0.201989
190.9196,-0.0320,-249.3746,0.202241
191.3030,-0.0327,-249.7809,0.202493
191.6818,-0.0333,-250.1839,0.202741
192.0593,-0.0340,-250.5875,0.202989
192.4336,-0.0346,-250.9913,0.203231
192.8018,-0.0353,-251.3923,0.203473
193.1672,-0.0359,-251.7950,0.203713
193.5284,-0.0364,-252.1975,0.203949
193.8853,-0.0369,-252.6007,0.204181
194.2367,-0.0362,-253.0042,0.204409
194.5846,-0.0365,-253.4069,0.204630
194.9294,-0.0371,-253.8097,0.204853
195.2711,-0.0379,-254.2129,0.205076
195.6073,-0.0386,-254.6147,0.205296
195.9421,-0.0392,-255.0180,0.205522
196.2738,-0.0399,-255.4216,0.205736
196.5998,-0.0406,-255.8224,0.205950
196.9253,-0.0410,-256.2266,0.206166
197.2463,-0.0412,-256.6290,0.206380
197.5652,-0.0413,-257.0330,0.206591
197.8803,-0.0414,-257.4371,0.206800
198.1912,-0.0414,-257.8460,0.207006
198.4947,-0.0416,-258.2581,0.207207
198.7913,-0.0419,-258.6758,0.207417
199.0793,-0.0421,-259.0978,0.207617
199.3582,-0.0424,-259.5242,0.207823
199.6315,-0.0424,-259.9563,0.208027
199.8938,-0.0423,-260.3862,0.208225
200.1511,-0.0418,-260.8240,0.208432
200.3969,-0.0413,-261.2654,0.208630
200.6352,-0.0406,-261.7079,0.208833
200.8660,-0.0401,-262.1535,0.209030
201.0879,-0.0396,-262.5996,0.209234
201.3029,-0.0392,-263.0463,0.209423
201.5178,-0.0387,-263.4894,0.209621
201.7296,-0.0384,-263.9292,0.209820
201.9373,-0.0382,-264.3720,0.210022
202.1386,-0.0377,-264.8181,0.210215
202.3291,-0.0370,-265.2722,0.210396
202.5077,-0.0361,-265.7231,0.210589
202.6789,-0.0353,-266.1808,0.210779
202.8401,-0.0344,-266.6376,0.210968
202.9934,-0.0336,-267.0968,0.211156
203.1386,-0.0328,-267.5564,0.211338
203.2762,-0.0321,-268.0170,0.211516
203.4065,-0.0315,-268.4784,0.211705
203.5270,-0.0312,-268.9411,0.211889
203.6414,-0.0309,-269.4025,0.212071
203.7485,-0.0306,-269.8647,0.212249
203.8481,-0.0301,-270.3279,0.212431
203.9397,-0.0295,-270.7893,0.212599
204.0245,-0.0285,-271.2539,0.212778
204.1021,-0.0273,-271.7203,0.212963
204.1716,-0.0256,-272.1846,0.213136
204.2317,-0.0236,-272.6505,0.213306
204.2854,-0.0243,-273.1154,0.213477
204.3333,-0.0240,-273.5793,0.213651
204.3738,-0.0236,-274.0434,0.213824
204.4071,-0.0232,-274.5090,0.213992
204.4330,-0.0227,-274.9732,0.214155
204.4506,-0.0222,-275.4355,0.214334
204.4590,-0.0218,-275.8976,0.214501
204.4556,-0.0214,-276.3624,0.214669
204.4454,-0.0210,-276.8217,0.214829
204.4268,-0.0205,-277.2818,0.214998
204.3983,-0.0200,-277.7389,0.215163
204.3590,-0.0194,-278.1943,0.215326
204.3103,-0.0189,-278.6496,0.215482
204.2518,-0.0182,-279.1008,0.215648
204.1833,-0.0174,-279.5506,0.215811
204.1059,-0.0164,-279.9964,0.215970
204.0167,-0.0152,-280.4432,0.216134
203.9225,-0.0140,-280.8865,0.216297
203.8204,-0.0128,-281.3270,0.216467
203.7091,-0.0118,-281.7685,0.216636
203.5896,-0.0109,-282.2059,0.216798
203.4614,-0.0104,-282.6404,0.216955
203.3244,-0.0101,-283.0732,0.217136
203.1783,-0.0098,-283.5045,0.217298
203.0190,-0.0097,-283.9355,0.217469
202.8566,-0.0067,-284.3604,0.217638
202.6859,-0.0042,-284.7835,0.217798
202.5097,-0.0027,-285.2029,0.217976
202.3257,-0.0015,-285.6229,0.218149
202.1339,-0.0007,-286.0394,0.218312
201.9345,-0.0001,-286.4519,0.218490
201.7270,0.0005,-286.8629,0.218651
201.5098,0.0008,-287.2697,0.218834
201.2878,0.0015,-287.6778,0.219006
201.0639,0.0022,-288.0773,0.219177
200.8360,0.0030,-288.4802,0.219343
200.6041,0.0037,-288.8813,0.219516
200.3655,0.0041,-289.2804,0.219690
200.1200,0.0044,-289.6765,0.219867
199.8663,0.0045,-290.0727,0.220043
199.6066,0.0046,-290.4636,0.220218
199.3450,0.0048,-290.8550,0.220390
199.0798,0.0048,-291.2448,0.220571
198.8095,0.0046,-291.6324,0.220753
198.5304,0.0044,-292.0200,0.220946
198.2433,0.0041,-292.4037,0.221121
197.9484,0.0039,-292.7835,0.221306
197.6460,0.0035,-293.1604,0.221487
197.3348,0.0029,-293.5333,0.221678
197.0211,0.0022,-293.9022,0.221868
196.7039,0.0013,-294.2702,0.222053
196.3851,0.0003,-294.6390,0.222239
196.0651,-0.0009,-295.0035,0.222429
195.7370,-0.0023,-295.3694,0.222617
195.4018,-0.0035,-295.7332,0.222807
195.0627,-0.0045,-296.0903,0.223001
194.7157,-0.0051,-296.4471,0.223191
194.3615,-0.0055,-296.7998,0.223381
194.0042,-0.0057,-297.1489,0.223578
193.6396,-0.0058,-297.4965,0.223769
193.2706,-0.0058,-297.8394,0.223974
192.8941,-0.0059,-298.1783,0.224176
192.5105,-0.0056,-298.5120,0.224368
192.1185,-0.0053,-298.8438,0.224576
191.7235,-0.0050,-299.1678,0.224778
191.3185,-0.0044,-299.4883,0.224987
190.9101,-0.0037,-299.8048,0.225186
190.4962,-0.0032,-300.1165,0.225394
190.0771,-0.0025,-300.4232,0.225598
189.6514,-0.0023,-300.7255,0.225811
189.2221,-0.0023,-301.0223,0.226023
188.7957,-0.0028,-301.3178,0.226237
188.3681,-0.0039,-301.6200,0.226454
187.9420,-0.0052,-301.9207,0.226679
187.5125,-0.0068,-302.2211,0.226901
187.0774,-0.0086,-302.5212,0.227114
186.6423,-0.0105,-302.8172,0.227340
186.1987,-0.0126,-303.1141,0.227566
185.7503,-0.0149,-303.4072,0.227796
185.2960,-0.0176,-303.6967,0.228023
184.8334,-0.0205,-303.9815,0.228248
184.3625,-0.0237,-304.2573,0.228478
183.8851,-0.0271,-304.5281,0.228713
183.4035,-0.0306,-304.7916,0.228952
182.9134,-0.0343,-305.0513,0.229179
182.4244,-0.0367,-305.3185,0.229417
181.9327,-0.0358,-305.5709,0.229658
181.4221,-0.0369,-305.8171,0.229901
180.9451,-0.0344,-306.0774,0.230141
180.4286,-0.0364,-306.3209,0.230388
179.9454,-0.0328,-306.5826,0.230634
179.4291,-0.0378,-306.8262,0.230878
178.9403,-0.0323,-307.0859,0.231126
178.4156,-0.0388,-307.3279,0.231381
177.9044,-0.0645,-307.5752,0.231637
177.3890,-0.0387,-307.8225,0.231884
176.8670,-0.0642,-308.0646,0.232141
176.3458,-0.0379,-308.3037,0.232394
175.8159,-0.0598,-308.5395,0.232654
175.2946,-0.0796,-308.7706,0.232910
174.7620,-0.0985,-309.0013,0.233174
174.2256,-0.1015,-309.2351,0.233437
173.6896,-0.1044,-309.4691,0.233700
173.1547,-0.1075,-309.7021,0.233971
172.6136,-0.1107,-309.9370,0.234241
172.0699,-0.1133,-310.1703,0.234517
171.5384,-0.1073,-310.4433,0.234787
170.9915,-0.1047,-310.6797,0.235063
170.4410,-0.1019,-310.9208,0.235342
169.8902,-0.0992,-311.1593,0.235626
169.3324,-0.0966,-311.3983,0.235908
168.7733,-0.0938,-311.6370,0.236193
168.2133,-0.0908,-311.8752,0.236474
167.6451,-0.0879,-312.1145,0.236761
167.0726,-0.0851,-312.3513,0.237051
166.5023,-0.0827,-312.5852,0.237340
165.9245,-0.0802,-312.8201,0.237632
165.3448,-0.0780,-313.0527,0.237919
164.7616,-0.0760,-313.2838,0.238211
164.1751,-0.0744,-313.5132,0.238500
163.5805,-0.0729,-313.7430,0.238798
162.9928,-0.0718,-313.9672,0.239092
162.3933,-0.0712,-314.1923,0.239391
161.7954,-0.0708,-314.4146,0.239687
161.1947,-0.0708,-314.6358,0.239980
160.5888,-0.0713,-314.8566,0.240275
159.9793,-0.0724,-315.0757,0.240579
159.3694,-0.0738,-315.2921,0.240876
158.7540,-0.0759,-315.5078,0.241176
158.1348,-0.0786,-315.7220,0.241477
157.5178,-0.0817,-315.9327,0.241776
156.8916,-0.0856,-316.1434,0.242077
156.2466,-0.0938,-316.3114,0.242378
155.6139,-0.0873,-316.5180,0.242681
154.9857,-0.0760,-316.7270,0.242984
154.3473,-0.0682,-316.9305,0.243289
153.7158,-0.0607,-317.1284,0.243596
153.0769,-0.0650,-317.3289,0.243904
152.4297,-0.0681,-317.5288,0.244216
151.7887,-0.0659,-317.7277,0.244525
151.1392,-0.0637,-317.9269,0.244829
150.4888,-0.0614,-318.1263,0.245144
149.8411,-0.0584,-318.3248,0.245452
149.1861,-0.0549,-318.5267,0.245767
148.5275,-0.0501,-318.7295,0.246080
147.8700,-0.0451,-318.9308,0.246395
147.2098,-0.0410,-319.1313,0.246713
146.5439,-0.0369,-319.3325,0.247036
145.8782,-0.0324,-319.5329,0.247358
145.2112,-0.0272,-319.7319,0.247678
144.5342,-0.0220,-319.9339,0.248004
143.8662,-0.0175,-320.1327,0.248339
143.1912,-0.0110,-320.3310,0.248660
142.5110,-0.0042,-320.5321,0.248998
141.8335,0.0031,-320.7312,0.249328
141.2119,0.0103,-320.9131,0.249672
140.4643,0.0103,-321.1302,0.250005
139.7826,0.0194,-321.3300,0.250346
139.0984,0.0296,-321.5303,0.250688
138.4096,0.0413,-321.7319,0.251024
137.7275,0.0532,-321.9304,0.251366
137.0443,0.0654,-322.1304,0.251701
136.3599,0.0777,-322.3313,0.252052
135.6806,0.0901,-322.5305,0.252401
135.0050,0.1024,-322.7279,0.252747
134.3303,0.1143,-322.9259,0.253095
133.6613,0.1261,-323.1235,0.253443
132.9924,0.1380,-323.3222,0.253787
132.3260,0.1508,-323.5212,0.254139
131.6642,0.1638,-323.7199,0.254484
130.9917,0.1774,-323.9233,0.254834
130.3454,0.1903,-324.1194,0.255169
129.6931,0.2032,-324.3189,0.255510
129.0426,0.2157,-324.5187,0.255859
128.3920,0.2288,-324.7197,0.256197
127.7478,0.2422,-324.9198,0.256538
127.1048,0.2566,-325.1200,0.256876
126.4620,0.2712,-325.3221,0.257215
125.8251,0.2858,-325.5237,0.257551
125.1921,0.3003,-325.7255,0.257891
124.5563,0.3143,-325.9294,0.258233
123.9260,0.3278,-326.1318,0.258571
123.2989,0.3407,-326.3329,0.258914
122.6734,0.3530,-326.5336,0.259252
122.0512,0.3651,-326.7337,0.259578
121.4280,0.3771,-326.9346,0.259921
120.8094,0.3893,-327.1345,0.260255
120.1929,0.4018,-327.3343,0.260594
119.5795,0.4149,-327.5340,0.260931
118.9658,0.4276,-327.7341,0.261258
118.3580,0.4405,-327.9330,0.261605
117.7506,0.4529,-328.1322,0.261937
117.1452,0.4650,-328.3314,0.262266
116.5450,0.4770,-328.5294,0.262598
115.9431,0.4890,-328.7288,0.262924
115.3471,0.5007,-328.9275,0.263257
114.7545,0.5122,-329.1280,0.263586
114.1636,0.5237,-329.3302,0.263919
113.5751,0.5351,-329.5333,0.264253
112.9905,0.5469,-329.7369,0.264570
112.4081,0.5588,-329.9413,0.264898
111.8284,0.5711,-330.1472,0.265212
111.2527,0.5840,-330.3536,0.265545
110.6776,0.5968,-330.5618,0.265863
110.1075,0.6098,-330.7711,0.266181
109.5413,0.6226,-330.9825,0.266493
108.9757,0.6352,-331.1962,0.266823
108.4126,0.6475,-331.4112,0.267135
107.8568,0.6591,-331.6257,0.267452
107.3005,0.6705,-331.8427,0.267756
106.7488,0.6817,-332.0624,0.268072
106.2036,0.6926,-332.2865,0.268373
105.6630,0.7034,-332.5163,0.268685
105.1268,0.7138,-332.7522,0.268989
104.5960,0.7235,-332.9902,0.269303
104.0680,0.7323,-333.2317,0.269605
103.5412,0.7402,-333.4770,0.269915
103.0204,0.7477,-333.7237,0.270213
102.5017,0.7548,-333.9742,0.270519
101.9866,0.7621,-334.2277,0.270833
101.4757,0.7699,-334.4835,0.271120
100.9658,0.7785,-334.7420,0.271427
100.4534,0.7874,-334.9983,0.271730
99.9435,0.7969,-335.2526,0.272024
99.4326,0.8072,-335.5086,0.272331
98.9243,0.8177,-335.7657,0.272634
98.4215,0.8286,-336.0252,0.272932
97.9214,0.8395,-336.2891,0.273233
97.4200,0.8504,-336.5580,0.273536
96.9251,0.8610,-336.8281,0.273826
96.4297,0.8715,-337.1009,0.274130
95.9326,0.8820,-337.3785,0.274421
95.4425,0.8923,-337.6583,0.274726
94.9540,0.9025,-337.9443,0.275019
94.4677,0.9127,-338.2368,0.275324
93.9867,0.9225,-338.5339,0.275608
93.5077,0.9319,-338.8361,0.275909
93.0262,0.9400,-339.1435,0.276203
92.5448,0.9484,-339.4474,0.276506
92.0616,0.9561,-339.7534,0.276809
91.5789,0.9635,-340.0622,0.277111
91.0961,0.9709,-340.3737,0.277419
90.6271,0.9883,-340.7081,0.277743
90.1480,1.0342,-341.0174,0.278035
89.6733,1.0483,-341.3327,0.278355
89.1991,1.0626,-341.6481,0.278654
88.7274,1.0701,-341.9522,0.278956
88.2665,1.0900,-342.2872,0.279257
87.7952,1.0917,-342.6102,0.279554
87.3655,1.1106,-342.9459,0.279847
86.9065,1.1143,-343.2770,0.280142
86.4895,1.1344,-343.6216,0.280432
86.0418,1.1355,-343.9615,0.280724
85.6417,1.1543,-344.3121,0.281016
85.2142,1.1561,-344.6654,0.281298
84.8302,1.1722,-345.0294,0.281580
84.4157,1.1721,-345.3915,0.281873
84.0420,1.1729,-345.7511,0.282154
83.6427,1.1882,-346.1348,0.282430
83.2582,1.1686,-346.5115,0.282715
82.8823,1.2010,-346.8876,0.282995
82.5098,1.1811,-347.2664,0.283272
82.1456,1.2137,-347.6488,0.283551
81.7833,1.1955,-348.0350,0.283823
81.4437,1.2238,-348.4120,0.284096
81.0852,1.1982,-348.8024,0.284375
80.7317,1.2023,-349.1896,0.284647
80.3799,1.2059,-349.5779,0.284914
80.0379,1.2086,-349.9655,0.285178
79.6987,1.2115,-350.3576,0.285441
79.3650,1.2140,-350.7516,0.285714
79.0351,1.2171,-351.1462,0.285973
78.7028,1.2193,-351.5524,0.286244
78.3968,1.2209,-351.9389,0.286493
78.0854,1.2225,-352.3434,0.286752
77.7824,1.2240,-352.7478,0.287015
77.4863,1.2255,-353.1538,0.287268
77.1893,1.2267,-353.5637,0.287524
76.8945,1.2275,-353.9688,0.287778
76.5990,1.2283,-354.3805,0.288031
76.3132,1.2290,-354.7849,0.288278
76.0339,1.2296,-355.1936,0.288531
75.7636,1.2299,-355.6065,0.288779
75.5016,1.2300,-356.0235,0.289030
75.2469,1.2300,-356.4422,0.289273
75.0004,1.2299,-356.8599,0.289521
74.7585,1.2297,-357.2849,0.289766
74.5242,1.2293,-357.7072,0.290011
74.2961,1.2288,-358.1324,0.290252
74.0729,1.2282,-358.5614,0.290496
73.8549,1.2276,-358.9900,0.290738
73.6333,1.2270,-359.4184,0.290979
73.4106,1.2264,-359.8473,0.291216
73.1954,1.2139,-360.2751,0.291453
72.9652,1.2068,-360.7098,0.291689
72.7543,1.2333,-361.1376,0.291926
72.5663,1.2251,-361.5551,0.292159
72.3569,1.2289,-361.9932,0.292392
72.1703,1.2524,-362.4207,0.292624
71.9901,1.2269,-362.8535,0.292855
71.8349,1.2490,-363.2785,0.293086
71.6538,1.2210,-363.7169,0.293311
71.4949,1.2435,-364.1505,0.293542
71.3440,1.2183,-364.5842,0.293770
71.1973,1.2406,-365.0186,0.293997
71.0568,1.2105,-365.4524,0.294223
70.9222,1.2321,-365.8866,0.294449
70.7934,1.2034,-366.3224,0.294674
70.6733,1.2236,-366.7565,0.294899
70.5585,1.1913,-367.1933,0.295122
70.4523,1.2110,-367.6276,0.295344
70.3694,1.2257,-368.0558,0.295567
70.2584,1.1988,-368.4989,0.295788
70.1715,1.2163,-368.9319,0.296008
70.0902,1.1839,-369.3683,0.296224
70.0162,1.2012,-369.8028,0.296448
69.9481,1.1659,-370.2368,0.296666
69.8878,1.1814,-370.6687,0.296882
69.8327,1.1469,-371.1024,0.297100
69.7899,1.1640,-371.5362,0.297317
69.7620,1.1780,-371.9599,0.297535
69.6995,1.1412,-372.4059,0.297751
69.6677,1.1381,-372.8348,0.297972
69.6204,1.1197,-373.2802,0.298189
69.5943,1.1329,-373.7205,0.298410
69.5844,1.0895,-374.1562,0.298630
69.5568,1.0844,-374.5958,0.298850
69.5460,1.0656,-375.0541,0.299075
69.5288,1.0631,-375.5035,0.299299
69.5045,1.0459,-375.9606,0.299523
69.5006,1.0406,-376.4051,0.299753
69.5000,1.0403,-376.4100,0.299982
69.5286,1.0176,-377.3363,0.300211
69.5453,1.0030,-377.8029,0.300451
69.5787,0.9900,-378.2659,0.300682
69.6152,0.9764,-378.7407,0.300919
69.6569,0.9628,-379.2179,0.301156
69.6975,0.9489,-379.7017,0.301398
69.7423,0.9347,-380.1900,0.301642
69.7913,0.9205,-380.6811,0.301889
69.8465,0.9063,-381.1736,0.302134
69.9080,0.8918,-381.6719,0.302385
69.9839,0.8851,-382.1805,0.302637
70.0477,0.8855,-382.6890,0.302893
70.1039,0.8693,-383.2053,0.303150
70.1839,0.8473,-383.7083,0.303407
70.2527,0.8418,-384.2317,0.303668
70.3387,0.8045,-384.7479,0.303929
70.4335,0.8164,-385.2622,0.304193
70.5324,0.7766,-385.7862,0.304463
70.6367,0.7894,-386.3093,0.304730
70.7442,0.7504,-386.8347,0.305001
70.8737,0.7644,-387.3412,0.305275
70.9928,0.7284,-387.8800,0.305548
71.1380,0.7312,-388.3861,0.305822
71.2747,0.7025,-388.9325,0.306105
71.4414,0.6992,-389.4445,0.306383
71.6031,0.6784,-389.9872,0.306666
71.7745,0.6671,-390.4507,0.306948
71.9760,0.6497,-391.0303,0.307237
72.1615,0.6197,-391.5790,0.307525
72.3680,0.6171,-392.0920,0.307811
72.5710,0.5972,-392.6413,0.308102
72.7987,0.5859,-393.1544,0.308397
73.0291,0.5697,-393.6888,0.308691
73.2567,0.5404,-394.2427,0.308984
73.4989,0.5392,-394.7653,0.309291
73.7321,0.5219,-395.3262,0.309591
73.9847,0.5108,-395.8525,0.309891
74.2410,0.4946,-396.3935,0.310198
74.5005,0.4771,-396.9530,0.310511
74.7814,0.4673,-397.4706,0.310818
75.0566,0.4538,-398.0089,0.311128
75.3559,0.4429,-398.5411,0.311437
75.6655,0.4327,-399.0701,0.311755
75.9828,0.4228,-399.5934,0.312072
76.3125,0.4134,-400.1200,0.312393
76.6518,0.4045,-400.6410,0.312719
76.9948,0.3960,-401.1693,0.313038
77.3366,0.3884,-401.7010,0.313365
77.6828,0.3812,-402.2381,0.313694
78.0322,0.3747,-402.7765,0.314029
78.3848,0.3693,-403.3138,0.314355
78.7450,0.3650,-403.8521,0.314695
79.1141,0.3622,-404.3870,0.315029
79.4898,0.3605,-404.9163,0.315369
79.8733,0.3603,-405.4442,0.315717
80.2656,0.3603,-405.9694,0.316055
80.6671,0.3614,-406.4928,0.316405
81.0755,0.3624,-407.0124,0.316751
81.4902,0.3635,-407.5280,0.317107
81.9140,0.3644,-408.0429,0.317460
82.3461,0.3650,-408.5561,0.317822
82.7835,0.3661,-409.0656,0.318179
83.2267,0.3676,-409.5808,0.318534
83.6689,0.3688,-410.0938,0.318895
84.1196,0.3693,-410.6115,0.319264
84.5729,0.3689,-411.1230,0.319628
85.0365,0.3670,-411.6360,0.319993
85.5039,0.3648,-412.1435,0.320352
85.9786,0.3624,-412.6501,0.320718
86.4595,0.3601,-413.1581,0.321090
86.9389,0.3576,-413.6668,0.321457
87.4243,0.3543,-414.1801,0.321835
87.9138,0.3503,-414.6913,0.322211
88.4081,0.3454,-415.1975,0.322587
88.9119,0.3400,-415.7010,0.322970
89.4208,0.3346,-416.2000,0.323353
89.9367,0.3291,-416.6973,0.323735
90.4560,0.3239,-417.1950,0.324114
90.9806,0.3187,-417.6964,0.324500
91.5074,0.3130,-418.1945,0.324895
92.0420,0.3061,-418.6886,0.325280
92.5847,0.2980,-419.1788,0.325680
93.1335,0.2882,-419.6640,0.326066
93.6901,0.2778,-420.1468,0.326463
94.2546,0.2665,-420.6283,0.326858
94.8204,0.2552,-421.1078,0.327265
95.3913,0.2445,-421.5887,0.327650
95.9695,0.2346,-422.0719,0.328064
96.5493,0.2248,-422.5499,0.328463
97.1360,0.2151,-423.0257,0.328873
97.7275,0.2050,-423.4980,0.329274
98.3252,0.1943,-423.9688,0.329683
98.9294,0.1836,-424.4451,0.330106
99.5364,0.1731,-424.9272,0.330519
100.1464,0.1621,-425.4116,0.330931
100.7629,0.1507,-425.8976,0.331351
101.3813,0.1391,-426.3777,0.331772
102.0042,0.1275,-426.8550,0.332189
102.6325,0.1160,-427.3307,0.332612
103.2664,0.1041,-427.8068,0.333033
103.9029,0.0925,-428.2859,0.333458
104.5415,0.0803,-428.7671,0.333887
105.1835,0.0685,-429.2463,0.334310
105.8303,0.0574,-429.7229,0.334737
106.4811,0.0464,-430.1987,0.335165
107.1344,0.0361,-430.6712,0.335588
107.7909,0.0258,-431.1465,0.336005
108.4426,0.0155,-431.6205,0.336420
109.0946,0.0053,-432.0952,0.336834
109.7461,-0.0049,-432.5698,0.337248
110.3972,-0.0148,-433.0436,0.337652
111.0425,-0.0245,-433.5130,0.338048
111.6896,-0.0345,-433.9835,0.338435
112.3345,-0.0451,-434.4530,0.338831
112.9789,-0.0552,-434.9222,0.339215
113.6211,-0.0643,-435.3896,0.339591
114.2605,-0.0721,-435.8559,0.339969
114.9034,-0.0796,-436.3240,0.340340
115.5388,-0.0872,-436.7871,0.340710
116.1754,-0.0949,-437.2509,0.341097
116.8112,-0.1020,-437.7136,0.341473
117.4426,-0.1090,-438.1731,0.341836
118.0769,-0.1156,-438.6333,0.342207
118.7083,-0.1222,-439.0910,0.342580
119.3371,-0.1287,-439.5470,0.342947
119.9655,-0.1357,-440.0019,0.343306
120.5934,-0.1430,-440.4559,0.343672
121.2204,-0.1505,-440.9081,0.344032
121.8461,-0.1585,-441.3589,0.344391
122.4699,-0.1667,-441.8086,0.344759
123.0917,-0.1754,-442.2572,0.345118
123.7150,-0.1838,-442.7065,0.345476
124.3356,-0.1921,-443.1546,0.345839
124.9535,-0.2007,-443.6004,0.346195
125.5708,-0.2090,-444.0466,0.346555
126.1869,-0.2175,-444.4915,0.346911
126.8017,-0.2257,-444.9359,0.347270
127.4151,-0.2336,-445.3794,0.347620
128.0271,-0.2413,-445.8219,0.347972
128.6375,-0.2489,-446.2634,0.348339
129.2486,-0.2570,-446.7054,0.348692
129.8530,-0.2652,-447.1425,0.349037
130.4609,-0.2734,-447.5829,0.349397
131.0655,-0.2806,-448.0202,0.349746
131.6684,-0.2890,-448.4596,0.350099
132.2701,-0.2971,-448.9002,0.350445
132.8692,-0.3051,-449.3413,0.350796
133.4623,-0.3128,-449.7804,0.351142
134.0566,-0.3201,-450.2225,0.351495
134.6479,-0.3275,-450.6645,0.351845
135.2355,-0.3348,-451.1051,0.352185
135.8224,-0.3427,-451.5461,0.352532
136.4080,-0.3513,-451.9873,0.352878
136.9908,-0.3603,-452.4279,0.353221
137.5680,-0.3690,-452.8656,0.353560
138.1425,-0.3774,-453.3038,0.353898
138.7193,-0.3855,-453.7445,0.354230
139.2880,-0.3932,-454.1797,0.354571
139.8592,-0.4013,-454.6178,0.354903
140.4254,-0.4095,-455.0531,0.355237
140.9876,-0.4178,-455.4869,0.355567
141.5503,-0.4261,-455.9225,0.355897
142.1080,-0.4341,-456.3561,0.356227
142.6629,-0.4420,-456.7893,0.356552
143.2157,-0.4497,-457.2227,0.356872
143.7643,-0.4571,-457.6545,0.357194
144.3069,-0.4647,-458.0843,0.357515
144.8466,-0.4718,-458.5151,0.357825
145.3785,-0.4794,-458.9446,0.358135
145.9053,-0.4875,-459.3740,0.358442
146.4277,-0.4962,-459.8033,0.358751
146.9424,-0.5050,-460.2310,0.359050
147.4517,-0.5140,-460.6587,0.359348
147.9548,-0.5229,-461.0867,0.359637
148.4477,-0.5321,-461.5129,0.359925
148.9346,-0.5407,-461.9401,0.360209
149.4138,-0.5488,-462.3670,0.360489
149.8876,-0.5568,-462.7962,0.360761
150.3530,-0.5641,-463.2226,0.361034
150.8132,-0.5712,-463.6510,0.361302
151.2686,-0.5790,-464.0853,0.361567
151.7124,-0.5863,-464.5195,0.361827
152.1504,-0.5945,-464.9607,0.362097
152.5854,-0.6031,-465.4150,0.362354
152.9964,-0.6118,-465.8546,0.362602
153.4037,-0.6211,-466.3120,0.362858
153.8022,-0.6302,-466.7739,0.363105
154.1912,-0.6390,-467.2419,0.363354
154.5690,-0.6477,-467.7160,0.363598
154.9349,-0.6561,-468.1945,0.363843
155.2892,-0.6646,-468.6762,0.364083
155.6370,-0.6731,-469.1602,0.364324
155.9810,-0.6816,-469.6372,0.364554
156.3216,-0.6896,-470.1112,0.364791
156.6578,-0.6972,-470.5861,0.365021
156.9880,-0.7045,-471.0665,0.365251
157.3068,-0.7110,-471.5511,0.365481
157.6149,-0.7172,-472.0420,0.365707
157.9128,-0.7238,-472.5379,0.365933
158.2018,-0.7309,-473.0372,0.366152
158.4808,-0.7382,-473.5408,0.366378
158.7460,-0.7458,-474.0504,0.366590
159.0009,-0.7534,-474.5620,0.366808
159.2446,-0.7609,-475.0767,0.367026
159.4776,-0.7682,-475.5947,0.367244
159.6991,-0.7755,-476.1133,0.367454
159.9116,-0.7829,-476.6339,0.367666
160.1170,-0.7906,-477.1613,0.367878
160.3085,-0.7985,-477.6815,0.368088
160.4896,-0.8066,-478.2108,0.368298
160.6609,-0.8146,-478.7393,0.368508
160.8205,-0.8221,-479.2717,0.368714
160.9668,-0.8291,-479.8036,0.368927
161.1012,-0.8360,-480.3394,0.369129
161.2226,-0.8432,-480.8748,0.369332
161.3319,-0.8506,-481.4128,0.369537
161.4281,-0.8586,-481.9531,0.369738
161.5098,-0.8667,-482.4937,0.369931
161.5736,-0.8751,-483.0409,0.370124
161.6239,-0.8835,-483.5819,0.370320
161.6588,-0.8916,-484.1223,0.370520
161.6793,-0.8997,-484.6654,0.370713
161.6853,-0.9075,-485.2070,0.370907
161.6773,-0.9153,-485.7458,0.371092
161.6553,-0.9234,-486.2846,0.371282
161.6160,-0.9320,-486.8249,0.371473
161.5665,-0.9408,-487.3579,0.371673
161.5063,-0.9497,-487.8872,0.371856
161.4418,-0.9586,-488.4141,0.372040
161.3712,-0.9676,-488.9412,0.372224
161.2920,-0.9764,-489.4680,0.372420
161.2026,-0.9852,-489.9939,0.372610
161.1022,-0.9936,-490.5185,0.372800
160.9900,-1.0019,-491.0429,0.372989
160.8642,-1.0102,-491.5664,0.373174
160.7392,-1.0183,-492.0815,0.373355
160.6208,-1.0264,-492.6003,0.373547
160.5034,-1.0346,-493.1194,0.373745
160.3778,-1.0433,-493.6381,0.373928
160.2384,-1.0523,-494.1623,0.374122
160.0879,-1.0610,-494.6790,0.374312
159.9244,-1.0696,-495.1989,0.374497
159.7521,-1.0775,-495.7134,0.374688
159.5661,-1.0854,-496.2303,0.374876
159.3717,-1.0926,-496.7451,0.375067
159.1664,-1.0997,-497.2560,0.375252
158.9514,-1.1065,-497.7633,0.375447
158.7296,-1.1130,-498.2658,0.375628
158.5024,-1.1195,-498.7699,0.375817
158.2701,-1.1262,-499.2679,0.376008
158.0266,-1.1335,-499.7667,0.376191
157.7685,-1.1415,-500.2638,0.376379
157.5025,-1.1496,-500.7538,0.376577
157.2235,-1.1572,-501.2418,0.376771
156.9356,-1.1641,-501.7198,0.376954
156.6380,-1.1708,-502.1923,0.377153
156.3322,-1.1763,-502.6602,0.377354
156.0173,-1.1801,-503.1194,0.377541
155.6890,-1.1837,-503.5718,0.377737
155.3556,-1.1879,-504.0167,0.377924
155.0150,-1.1922,-504.4551,0.378116
154.6696,-1.1968,-504.8903,0.378310
154.3187,-1.2017,-505.3221,0.378503
153.9621,-1.2065,-505.7474,0.378716
153.5943,-1.2111,-506.1692,0.378913
153.2144,-1.2155,-506.5861,0.379113
152.8259,-1.2196,-506.9921,0.379319
152.4227,-1.2235,-507.3917,0.379524
152.0155,-1.2270,-507.7828,0.379727
151.5973,-1.2306,-508.1689,0.379943
151.1734,-1.2340,-508.5443,0.380134
150.7390,-1.2374,-508.9134,0.380342
150.2955,-1.2408,-509.2740,0.380554
149.8462,-1.2442,-509.6237,0.380772
149.3867,-1.2474,-509.9667,0.380976
148.9174,-1.2508,-510.2990,0.381187
148.4428,-1.2540,-510.6243,0.381406
147.9620,-1.2575,-510.9389,0.381613
147.4720,-1.2615,-511.2445,0.381825
146.9745,-1.2663,-511.5409,0.382043
146.4713,-1.2713,-511.8275,0.382265
145.9624,-1.2765,-512.1078,0.382483
145.4545,-1.2818,-512.3796,0.382700
144.9357,-1.2869,-512.6484,0.382923
144.4186,-1.2916,-512.9106,0.383145
143.8938,-1.2962,-513.1682,0.383363
143.3628,-1.3006,-513.4191,0.383586
142.8278,-1.3047,-513.6620,0.383816
142.2855,-1.3089,-513.8990,0.384046
141.7401,-1.3131,-514.1304,0.384282
141.1958,-1.3168,-514.3604,0.384518
140.6473,-1.3204,-514.5897,0.384756
140.0909,-1.3237,-514.8157,0.385011
139.5350,-1.3271,-515.0358,0.385240
138.9696,-1.3305,-515.2515,0.385498
138.4009,-1.3345,-515.4609,0.385746
137.8271,-1.3390,-515.6647,0.386001
137.2466,-1.3441,-515.8642,0.386273
136.6643,-1.3496,-516.0602,0.386527
136.0774,-1.3554,-516.2531,0.386791
135.4843,-1.3618,-516.4382,0.387068
134.8855,-1.3682,-516.6165,0.387337
134.2780,-1.3693,-516.8013,0.387607
133.6727,-1.3717,-516.9625,0.387891
133.0407,-1.3777,-517.1068,0.388171
132.4384,-1.3781,-517.2685,0.388451
131.8174,-1.3822,-517.4143,0.388735
131.1750,-1.4088,-517.5434,0.389021
130.5623,-1.3917,-517.6890,0.389314
129.9152,-1.4092,-517.8069,0.389603
129.3482,-1.4026,-517.9332,0.389898
128.6387,-1.4123,-518.0522,0.390185
127.9938,-1.4395,-518.1667,0.390472
127.3594,-1.4220,-518.2886,0.390780
126.6945,-1.4412,-518.3804,0.391081
126.0375,-1.4677,-518.4772,0.391367
125.3954,-1.4423,-518.5837,0.391671
124.7281,-1.4643,-518.6695,0.391970
124.0687,-1.4892,-518.7689,0.392267
123.4091,-1.4622,-518.8687,0.392584
122.7591,-1.4951,-518.9661,0.392869
122.0979,-1.5359,-519.0657,0.393179
121.4281,-1.5426,-519.1675,0.393492
120.7617,-1.5489,-519.2695,0.393790
120.0915,-1.5548,-519.3715,0.394099
119.4142,-1.5612,-519.4731,0.394409
118.7403,-1.5663,-519.5742,0.394715
118.0616,-1.5712,-519.6766,0.395030
117.3761,-1.5765,-519.7801,0.395343
116.6896,-1.5818,-519.8828,0.395669
115.9990,-1.5870,-519.9835,0.395994
115.3009,-1.5921,-520.0847,0.396318
114.6065,-1.5972,-520.1848,0.396639
113.9060,-1.6024,-520.2838,0.396975
113.1996,-1.6077,-520.3815,0.397307
112.4956,-1.6132,-520.4767,0.397634
111.7837,-1.6188,-520.5713,0.397969
111.0709,-1.6238,-520.6643,0.398309
110.3565,-1.6288,-520.7559,0.398644
109.6367,-1.6340,-520.8463,0.398980
108.9137,-1.6391,-520.9361,0.399329
108.1906,-1.6438,-521.0245,0.399666
107.4613,-1.6486,-521.1125,0.400010
106.7288,-1.6535,-521.1993,0.400357
105.9978,-1.6584,-521.2845,0.400703
105.2615,-1.6634,-521.3687,0.401055
104.5199,-1.6683,-521.4518,0.401404
103.7791,-1.6733,-521.5329,0.401758
103.0336,-1.6783,-521.6127,0.402116
102.2836,-1.6833,-521.6916,0.402472
101.5328,-1.6883,-521.7701,0.402825
100.7782,-1.6932,-521.8476,0.403191
100.0226,-1.6979,-521.9235,0.403551
99.2654,-1.7024,-521.9980,0.403910
98.5012,-1.7069,-522.0717,0.404274
97.7374,-1.7114,-522.1436,0.404638
96.9701,-1.7153,-522.2144,0.405000
96.1980,-1.7185,-522.2837,0.405372
95.4211,-1.7218,-522.3522,0.405739
94.6466,-1.7252,-522.4188,0.406107
93.8689,-1.7281,-522.4843,0.406482
93.0837,-1.7307,-522.5477,0.406849
92.2977,-1.7334,-522.6089,0.407226
91.5128,-1.7362,-522.6678,0.407601
90.7224,-1.7390,-522.7252,0.407978
89.9243,-1.7418,-522.7809,0.408361
89.1305,-1.7448,-522.8347,0.408736
88.3335,-1.7479,-522.8870,0.409120
87.5327,-1.7503,-522.9378,0.409502
86.7288,-1.7527,-522.9869,0.409885
85.9189,-1.7551,-523.0347,0.410273
85.1124,-1.7572,-523.0809,0.410658
84.3015,-1.7584,-523.1259,0.411047
83.4845,-1.7594,-523.1696,0.411436
82.6702,-1.7603,-523.2120,0.411823
81.8485,-1.7609,-523.2535,0.412211
81.0243,-1.7408,-523.2939,0.412609
80.1850,-1.7366,-523.3309,0.413000
79.3562,-1.7461,-523.3633,0.413392
78.5244,-1.7051,-523.3940,0.413791
77.6940,-1.7159,-523.4247,0.414182
76.8609,-1.7267,-523.4549,0.414575
76.0195,-1.7337,-523.4807,0.414974
75.1834,-1.7447,-523.5052,0.415369
74.3394,-1.7556,-523.5297,0.415763
73.5083,-1.7322,-523.5662,0.416157
72.6578,-1.7370,-523.5893,0.416567
71.8082,-1.7418,-523.6093,0.416961
70.9511,-1.7460,-523.6255,0.417366
70.0817,-1.7507,-523.6258,0.417768
69.2201,-1.7541,-523.6345,0.418162
68.3685,-1.7563,-523.6517,0.418565
67.5041,-1.7623,-523.6373,0.418969
66.6118,-1.7617,-523.6301,0.419392
65.7579,-1.7613,-523.6138,0.419788
64.8813,-1.7610,-523.5890,0.420192
64.0038,-1.7607,-523.5557,0.420600
63.1215,-1.7599,-523.5140,0.421007
62.2382,-1.7579,-523.4614,0.421419
61.3562,-1.7547,-523.4001,0.421829
60.4661,-1.7501,-523.3296,0.422246
59.5814,-1.7442,-523.2509,0.422649
58.6914,-1.7367,-523.1633,0.423066
57.8010,-1.7275,-523.0667,0.423485
56.9112,-1.7164,-522.9611,0.423900
56.0189,-1.7040,-522.8462,0.424316
55.1244,-1.6907,-522.7209,0.424723
54.2325,-1.6769,-522.5887,0.425137
53.3386,-1.6629,-522.4481,0.425558
52.4423,-1.6487,-522.2987,0.425982
51.5499,-1.6351,-522.1418,0.426395
50.6523,-1.6218,-521.9763,0.426818
49.7531,-1.6083,-521.8022,0.427250
48.8600,-1.5949,-521.6207,0.427669
47.9608,-1.5808,-521.4296,0.428095
47.0601,-1.5655,-521.2282,0.428513
46.1638,-1.5496,-521.0206,0.428939
45.2649,-1.5333,-520.8040,0.429373
44.3640,-1.5168,-520.5787,0.429796
43.4667,-1.5003,-520.3471,0.430224
42.5712,-1.4841,-520.1095,0.430644
41.6695,-1.4678,-519.8645,0.431076
40.7707,-1.4516,-519.6141,0.431501
39.8702,-1.4348,-519.3565,0.431939
38.9698,-1.4169,-519.0932,0.432352
38.0660,-1.3979,-518.8224,0.432789
37.1650,-1.3777,-518.5459,0.433222
36.2643,-1.3566,-518.2626,0.433641
35.3649,-1.3344,-517.9731,0.434083
34.4608,-1.3112,-517.6747,0.434517
33.5571,-1.2860,-517.3690,0.434937
32.6577,-1.2583,-517.0544,0.435372
31.7571,-1.2285,-516.7304,0.435801
30.8555,-1.1973,-516.3953,0.436224
29.9609,-1.1655,-516.0527,0.436661
29.0632,-1.1333,-515.6984,0.437095
28.1694,-1.1013,-515.3344,0.437521
27.2778,-1.0693,-514.9590,0.437958
26.3880,-1.0371,-514.5722,0.438393
25.4994,-1.0041,-514.1708,0.438831
24.6163,-0.9714,-513.7610,0.439276
23.7398,-0.9388,-513.3414,0.439706
22.8601,-0.9055,-512.9072,0.440163
21.9905,-0.8715,-512.4636,0.440596
21.1255,-0.8355,-512.0073,0.441035
20.2633,-0.7974,-511.5369,0.441474
19.4071,-0.7568,-511.0540,0.441917
18.5579,-0.7142,-510.5603,0.442351
17.7126,-0.6704,-510.0568,0.442793
16.8742,-0.6268,-509.5508,0.443229
16.0375,-0.5826,-509.0347,0.443674
15.2057,-0.5373,-508.5088,0.444118
14.3808,-0.4920,-507.9738,0.444569
13.5564,-0.4467,-507.4255,0.445013
12.7368,-0.4012,-506.8674,0.445466
11.9257,-0.3554,-506.3017,0.445913
11.1188,-0.3081,-505.7218,0.446370
10.2952,-0.2575,-505.1160,0.446835
9.5208,-0.2069,-504.5292,0.447277
8.7328,-0.1534,-503.9180,0.447738
7.9516,-0.0984,-503.3009,0.448187
7.1766,-0.0428,-502.6810,0.448646
6.4003,0.0134,-502.0520,0.449108
5.6308,0.0682,-501.4202,0.449562
4.8637,0.1202,-500.7819,0.450020
4.1001,0.1702,-500.1400,0.450488
3.3348,0.2194,-499.4884,0.450959
2.5761,0.2683,-498.8323,0.451418
1.8206,0.3179,-498.1659,0.451882
1.0708,0.3680,-497.4893,0.452344
0.3302,0.4177,-496.8055,0.452796
-0.4086,0.4671,-496.1088,0.453251
-1.1400,0.5155,-495.4021,0.453712
-1.8626,0.5639,-494.6910,0.454187
-2.5793,0.6132,-493.9703,0.454644
-3.2910,0.6623,-493.2385,0.455113
-3.9936,0.7099,-492.5024,0.455586
-4.6903,0.7565,-491.7629,0.456042
-5.3875,0.8030,-491.0138,0.456522
-6.0728,0.8484,-490.2658,0.456978
-6.7518,0.8924,-489.5134,0.457442
-7.4272,0.9345,-488.7539,0.457909
-8.0923,0.9751,-487.9970,0.458369
-8.7515,1.0153,-487.2366,0.458832
-9.4058,1.0559,-486.4716,0.459293
-10.0509,1.0969,-485.7072,0.459750
-10.6908,1.1381,-484.9391,0.460204
-11.3270,1.1792,-484.1663,0.460668
-11.9491,1.2194,-483.4010,0.461110
-12.5685,1.2592,-482.6284,0.461560
-13.1844,1.2991,-481.8515,0.462014
-13.7896,1.3391,-481.0787,0.462465
-14.3908,1.3794,-480.3020,0.462911
-14.9850,1.4199,-479.5252,0.463354
-15.5738,1.4605,-478.7473,0.463802
-16.1570,1.5007,-477.9711,0.464248
-16.7365,1.5409,-477.1959,0.464693
-17.3142,1.5817,-476.4209,0.465136
-17.8890,1.6230,-475.6497,0.465579
-18.4614,1.6646,-474.8807,0.466026
-19.0322,1.7058,-474.1141,0.466471
-19.6002,1.7460,-473.3541,0.466919
-20.1686,1.7852,-472.5960,0.467358
-20.7321,1.8237,-471.8470,0.467802
-21.2970,1.8620,-471.0974,0.468247
-21.8582,1.9000,-470.3521,0.468689
-22.4182,1.9377,-469.6074,0.469136
-22.9793,1.9774,-468.8618,0.469583
-23.5350,2.0169,-468.1240,0.470024
-24.0899,2.0561,-467.3874,0.470482
-24.6418,2.0953,-466.6548,0.470929
-25.1929,2.1347,-465.9234,0.471380
-25.7414,2.1736,-465.1953,0.471827
-26.2914,2.2125,-464.4652,0.472288
-26.8350,2.2508,-463.7437,0.472742
-27.3793,2.2889,-463.0211,0.473193
-27.9200,2.3270,-462.3032,0.473644
-28.4623,2.3656,-461.5831,0.474106
-28.9993,2.4041,-460.8699,0.474551
-29.5339,2.4424,-460.1597,0.475001
-30.0700,2.4802,-459.4476,0.475447
-30.6009,2.5168,-458.7439,0.475901
-31.1319,2.5529,-458.0441,0.476342
-31.6641,2.5883,-457.3481,0.476789
-32.1943,2.6231,-456.6602,0.477223
-32.7257,2.6571,-455.9762,0.477657
-33.2598,2.6907,-455.2943,0.478094
-33.7878,2.7233,-454.6265,0.478516
-34.3208,2.7563,-453.9586,0.478942
-34.8561,2.7895,-453.2943,0.479370
-35.3868,2.8225,-452.6364,0.479790
-35.9150,2.8549,-451.9831,0.480195
-36.4449,2.8869,-451.3297,0.480612
-36.9730,2.9184,-450.6808,0.481024
-37.4996,2.9491,-450.0364,0.481439
-38.0272,2.9791,-449.3956,0.481843
-38.5548,3.0083,-448.7612,0.482250
-39.0847,3.0364,-448.1330,0.482651
-39.6207,3.0638,-447.5122,0.483063
-40.1578,3.0908,-446.9013,0.483459
-40.6982,3.1174,-446.2977,0.483862
-41.2433,3.1442,-445.6999,0.484266
-41.7900,3.1711,-445.1110,0.484663
-42.3423,3.1984,-444.5270,0.485067
-42.8981,3.2260,-443.9500,0.485469
-43.4545,3.2537,-443.3837,0.485861
-44.0180,3.2816,-442.8202,0.486264
-44.5814,3.3091,-442.2572,0.486658
-45.1444,3.3363,-441.6980,0.487056
-45.7066,3.3631,-441.1450,0.487450
-46.2729,3.3896,-440.5939,0.487844
-46.8368,3.4156,-440.0532,0.488237
-47.4059,3.4413,-439.5173,0.488625
-47.9798,3.4667,-438.9860,0.489016
-48.5521,3.4918,-438.4644,0.489407
-49.1288,3.5170,-437.9466,0.489789
-49.7085,3.5423,-437.4290,0.490182
-50.2842,3.5673,-436.9208,0.490563
-50.8623,3.5921,-436.4172,0.490948
-51.4464,3.6171,-435.9176,0.491334
-52.0284,3.6416,-435.4301,0.491710
-52.6173,3.6661,-434.9463,0.492094
-53.2061,3.6903,-434.4714,0.492463
-53.7984,3.7144,-434.0014,0.492842
-54.3905,3.7387,-433.5339,0.493222
-54.9840,3.7634,-433.0710,0.493598
-55.5809,3.7889,-432.6128,0.493971
-56.1758,3.8153,-432.1634,0.494338
-56.7743,3.8427,-431.7191,0.494719
-57.3726,3.8709,-431.2828,0.495082
-57.9749,3.9001,-430.8504,0.495457
-58.5779,3.9306,-430.4251,0.495825
-59.1832,3.9620,-430.0041,0.496197
-59.7874,3.9943,-429.5929,0.496553
-60.3961,4.0276,-429.1886,0.496922
-61.0072,4.0611,-428.7920,0.497283
-61.6174,4.0937,-428.4041,0.497643
-62.2302,4.1257,-428.0228,0.498002
-62.8467,4.1567,-427.6479,0.498358
-63.4631,4.1866,-427.2842,0.498711
-64.0853,4.2157,-426.9235,0.499069
-64.7026,4.2434,-426.5743,0.499415
-65.3244,4.2701,-426.2310,0.499763
-65.9524,4.2958,-425.8930,0.500115
-66.5769,4.3205,-425.5644,0.500458
-67.2035,4.3444,-425.2390,0.500810
-67.8317,4.3680,-424.9162,0.501159
-68.4611,4.3914,-424.5974,0.501503
-69.0862,4.4145,-424.2823,0.501845
-69.7137,4.4375,-423.9694,0.502188
-70.3419,4.4602,-423.6607,0.502533
-70.9762,4.4880,-423.3725,0.502880
-71.6029,4.5148,-423.0837,0.503216
-72.2331,4.5424,-422.8020,0.503556
-72.8626,4.5690,-422.5288,0.503900
-73.4988,4.5911,-422.2452,0.504234
-74.1250,4.6230,-422.0084,0.504572
-74.7587,4.6495,-421.7590,0.504909
-75.3988,4.6654,-421.5012,0.505241
-76.0338,4.6723,-421.2700,0.505571
-76.6675,4.7297,-421.0475,0.505907
-77.3053,4.7367,-420.8325,0.506240
-77.9458,4.7441,-420.6250,0.506570
-78.5768,4.8015,-420.4296,0.506898
-79.2176,4.8125,-420.2416,0.507224
-79.8330,4.8160,-420.0677,0.507554
-80.5031,4.8732,-419.9624,0.507880
-81.1387,4.9129,-419.7996,0.508203
-81.7741,4.9540,-419.6519,0.508526
-82.4117,4.9832,-419.4908,0.508854
-83.0439,5.0181,-419.3499,0.509176
-83.6800,5.0532,-419.2171,0.509498
-84.3077,5.0761,-419.0867,0.509815
-84.9395,5.0834,-418.9515,0.510134
-85.5751,5.0792,-418.8126,0.510449
-86.2197,5.0666,-418.6733,0.510774
-86.8560,5.0919,-418.5639,0.511089
-87.4917,5.1164,-418.4593,0.511406
-88.1279,5.1406,-418.3597,0.511717
-88.7590,5.1636,-418.2654,0.512032
-89.3902,5.1872,-418.1752,0.512343
-90.0221,5.2085,-418.0922,0.512655
-90.6513,5.2294,-418.0138,0.512969
-91.2788,5.2508,-417.9391,0.513277
-91.9073,5.2721,-417.8695,0.513586
-92.5362,5.2932,-417.8032,0.513897
-93.1617,5.3138,-417.7407,0.514206
-93.7835,5.3338,-417.6831,0.514510
-94.4067,5.3536,-417.6334,0.514818
-95.0266,5.3726,-417.5900,0.515125
-95.5918,5.3898,-417.5561,0.515428
-96.2784,5.4286,-417.5200,0.515737
-96.8953,5.4786,-417.4916,0.516041
-97.5146,5.4786,-417.4659,0.516341
-98.1332,5.4783,-417.4392,0.516649
-98.7354,5.5257,-417.4236,0.516952
-99.3649,5.5271,-417.3927,0.517255
-99.9820,5.5283,-417.3802,0.517557
-100.5782,5.5689,-417.3836,0.517860
-101.2078,5.5767,-417.3683,0.518164
-101.8048,5.6001,-417.3815,0.518471
-102.4192,5.6154,-417.3881,0.518773
-103.0517,5.6276,-417.3910,0.519076
-103.6525,5.6486,-417.4253,0.519382
-104.2677,5.6661,-417.4562,0.519688
-104.8843,5.6871,-417.4799,0.519990
-105.5063,5.7110,-417.5214,0.520297
-106.1261,5.7355,-417.5637,0.520610
-106.7451,5.7610,-417.6082,0.520915
-107.3697,5.7876,-417.6580,0.521228
-107.9902,5.8147,-417.7134,0.521535
-108.6120,5.8425,-417.7747,0.521841
-109.2366,5.8709,-417.8413,0.522155
-109.8601,5.9001,-417.9122,0.522468
-110.4861,5.9297,-417.9829,0.522776
-111.1158,5.9597,-418.0569,0.523098
-111.7422,5.9899,-418.1353,0.523402
-112.3715,6.0199,-418.2204,0.523716
-113.0004,6.0489,-418.3108,0.524033
-113.6301,6.0772,-418.4065,0.524345
-114.2614,6.1049,-418.5074,0.524664
-114.8919,6.1320,-418.6147,0.524981
-115.5260,6.1594,-418.7264,0.525296
-116.1603,6.1867,-418.8436,0.525620
-116.7963,6.2142,-418.9669,0.525938
-117.4319,6.2420,-419.0955,0.526254
-118.0675,6.2697,-419.2297,0.526581
-118.7065,6.2975,-419.3697,0.526898
-119.3486,6.3253,-419.5138,0.527222
-119.9901,6.3530,-419.6615,0.527548
-120.6347,6.3807,-419.8131,0.527879
-121.2791,6.4085,-419.9703,0.528211
-121.9250,6.4366,-420.1331,0.528540
-122.5726,6.4647,-420.3013,0.528871
-123.2243,6.4928,-420.4738,0.529210
-123.8764,6.5207,-420.6461,0.529538
-124.5333,6.5489,-420.8210,0.529878
-125.1928,6.5770,-421.0009,0.530227
-125.8502,6.6046,-421.1873,0.530561
-126.5092,6.6322,-421.3787,0.530898
-127.1688,6.6598,-421.5751,0.531240
-127.8366,6.6875,-421.7772,0.531587
-128.5042,6.7152,-421.9783,0.531930
-129.1765,6.7428,-422.1805,0.532284
-129.8531,6.7703,-422.3856,0.532633
-130.5310,6.7977,-422.5939,0.532982
-131.2079,6.8251,-422.8078,0.533337
-131.8900,6.8528,-423.0281,0.533693
-132.5726,6.8805,-423.2533,0.534050
-133.2581,6.9084,-423.4837,0.534412
-133.9497,6.9368,-423.7205,0.534777
-134.6409,6.9653,-423.9606,0.535139
-135.3372,6.9942,-424.2058,0.535511
-136.0346,7.0233,-424.4552,0.535885
-136.7342,7.0524,-424.7104,0.536257
-137.4373,7.0817,-424.9711,0.536626
-138.1433,7.1110,-425.2377,0.537008
-138.8519,7.1407,-425.5103,0.537390
-139.5603,7.1703,-425.7869,0.537764
-140.2744,7.2001,-426.0688,0.538148
-140.9910,7.2300,-426.3554,0.538536
-141.7113,7.2600,-426.6478,0.538921
-142.4299,7.2899,-426.9447,0.539308
-143.1520,7.3198,-427.2466,0.539695
-143.8808,7.3500,-427.5552,0.540091
-144.6074,7.3799,-427.8663,0.540472
-145.3431,7.4099,-428.1834,0.540878
-146.0785,7.4393,-428.5031,0.541275
-146.8159,7.4686,-428.8267,0.541669
-147.5571,7.4977,-429.1551,0.542077
-148.2988,7.5267,-429.4872,0.542482
-149.0452,7.5558,-429.8251,0.542883
-149.7926,7.5853,-430.1656,0.543299
-150.5443,7.6155,-430.5109,0.543704
-151.2991,7.6459,-430.8611,0.544116
-152.0558,7.6765,-431.2157,0.544529
-152.8114,7.7068,-431.5727,0.544946
-153.5744,7.7376,-431.9362,0.545372
-154.3414,7.7687,-432.3029,0.545793
-155.1084,7.8000,-432.6686,0.546215
-155.8833,7.8322,-433.0378,0.546629
-156.6601,7.8645,-433.4084,0.547064
-157.4402,7.8971,-433.7811,0.547489
-158.2233,7.9297,-434.1558,0.547918
-159.0114,7.9619,-434.5336,0.548351
-159.8010,7.9940,-434.9127,0.548779
-160.5948,8.0260,-435.2936,0.549215
-161.3941,8.0579,-435.6772,0.549650
-162.1924,8.0899,-436.0604,0.550075
-162.9975,8.1223,-436.4470,0.550515
-163.8058,8.1548,-436.8351,0.550958
-164.6137,8.1872,-437.2232,0.551388
-165.4297,8.2200,-437.6150,0.551838
-166.2477,8.2529,-438.0077,0.552273
-167.0673,8.2859,-438.4012,0.552721
-167.8941,8.3193,-438.7980,0.553164
-168.7225,8.3528,-439.1957,0.553609
-169.5507,8.3861,-439.5932,0.554060
-170.3797,8.4193,-439.9911,0.554497
-171.2099,8.4525,-440.3896,0.554942
-172.0336,8.4854,-440.7849,0.555382
-172.8582,8.5185,-441.1805,0.555822
-173.6788,8.5516,-441.5742,0.556267
-174.4999,8.5851,-441.9679,0.556701
-175.3174,8.6188,-442.3599,0.557135
-176.1355,8.6529,-442.7518,0.557569
-176.9466,8.6870,-443.1398,0.558007
-177.7582,8.7214,-443.5272,0.558438
-178.5674,8.7556,-443.9121,0.558864
-179.3754,8.7899,-444.2950,0.559295
-180.1844,8.8240,-444.6769,0.559718
-180.9884,8.8580,-445.0552,0.560143
-181.7895,8.8921,-445.4310,0.560563
-182.5906,8.9262,-445.8072,0.560985
-183.3881,8.9603,-446.1819,0.561414
-184.1809,8.9942,-446.5539,0.561826
-184.9727,9.0281,-446.9238,0.562248
-185.7641,9.0623,-447.2904,0.562667
-186.5522,9.0965,-447.6532,0.563082
-187.3418,9.1310,-448.0144,0.563493
-188.1288,9.1653,-448.3720,0.563902
-188.9121,9.1989,-448.7262,0.564317
-189.6947,9.2315,-449.0776,0.564725
-190.4774,9.2629,-449.4263,0.565138
-191.2550,9.2932,-449.7699,0.565537
-192.0326,9.3227,-450.1110,0.565946
-192.8098,9.3520,-450.4492,0.566356
-193.5839,9.3811,-450.7836,0.566758
-194.3582,9.4102,-451.1152,0.567162
-195.1247,9.4392,-451.4435,0.567553
-195.8925,9.4684,-451.7731,0.567957
-196.6545,9.4978,-452.1001,0.568354
-197.4165,9.5274,-452.4269,0.568754
-198.1721,9.5570,-452.7506,0.569144
-198.9289,9.5867,-453.0741,0.569540
-199.6843,9.6165,-453.3951,0.569932
-200.4346,9.6459,-453.7122,0.570316
-201.1874,9.6752,-454.0276,0.570706
-201.9388,9.7043,-454.3403,0.571094
-202.6845,9.7332,-454.6481,0.571483
-203.4320,9.7619,-454.9545,0.571861
-204.1791,9.7906,-455.2582,0.572250
-204.9250,9.8194,-455.5592,0.572635
-205.6632,9.8479,-455.8547,0.573011
-206.4055,9.8762,-456.1493,0.573397
-207.1436,9.9040,-456.4426,0.573771
-207.8761,9.9312,-456.7346,0.574152
-208.6090,9.9582,-457.0269,0.574531
-209.3362,9.9849,-457.3170,0.574908
-210.0644,10.0113,-457.6073,0.575276
-210.7914,10.0375,-457.8970,0.575649
-211.5218,10.0639,-458.1880,0.576024
-212.2342,10.0894,-458.4719,0.576392
-212.9543,10.1153,-458.7590,0.576762
-213.6687,10.1410,-459.0436,0.577132
-214.3850,10.1671,-459.3292,0.577500
-215.0982,10.1935,-459.6134,0.577869
-215.8098,10.2199,-459.8969,0.578233
-216.5152,10.2462,-460.1777,0.578596
-217.2240,10.2724,-460.4598,0.578956
-217.9273,10.2982,-460.7396,0.579314
-218.6295,10.3236,-461.0187,0.579678
-219.3309,10.3489,-461.2974,0.580034
-220.0283,10.3740,-461.5745,0.580391
-220.7245,10.3993,-461.8510,0.580749
-221.4201,10.4246,-462.1271,0.581105
-222.1135,10.4500,-462.4020,0.581462
-222.8035,10.4755,-462.6755,0.581814
-223.4933,10.5012,-462.9486,0.582163
-224.1793,10.5269,-463.2198,0.582512
-224.8642,10.5526,-463.4899,0.582861
-225.5483,10.5782,-463.7592,0.583209
-226.2339,10.6038,-464.0284,0.583551
-226.9106,10.6291,-464.2926,0.583895
-227.5916,10.6545,-464.5572,0.584240
-228.2705,10.6801,-464.8194,0.584582
-228.9446,10.7058,-465.0787,0.584917
-229.6214,10.7319,-465.3374,0.585253
-230.2961,10.7578,-465.5942,0.585590
-230.9661,10.7836,-465.8477,0.585925
-231.6365,10.8094,-466.0996,0.586255
-232.3096,10.8352,-466.3509,0.586590
-232.9751,10.8606,-466.5975,0.586912
-233.6417,10.8861,-466.8424,0.587239
-234.3084,10.9118,-467.0848,0.587561
-234.9744,10.9374,-467.3242,0.587888
-235.6410,10.9629,-467.5600,0.588207
-236.3070,10.9881,-467.7916,0.588527
-236.9744,11.0130,-468.0170,0.588843
-237.6416,11.0377,-468.2318,0.589158
-238.3143,11.0624,-468.4375,0.589465
-238.9903,11.0873,-468.6344,0.589787
-239.6626,11.1116,-468.8210,0.590098
-240.3385,11.1359,-469.0002,0.590406
-241.0165,11.1600,-469.1695,0.590711
-241.6935,11.1838,-469.3316,0.591020
-242.3693,11.2071,-469.4847,0.591324
-243.0466,11.2302,-469.6294,0.591630
-243.7244,11.2531,-469.7656,0.591935
-244.4036,11.2759,-469.8935,0.592239
-245.0815,11.2985,-470.0128,0.592535
-245.7561,11.3207,-470.1229,0.592842
-246.4371,11.3430,-470.2241,0.593144
-247.1161,11.3652,-470.3185,0.593444
-247.7944,11.3872,-470.4044,0.593747
-248.4743,11.4095,-470.4812,0.594044
-249.1570,11.4319,-470.5486,0.594334
-249.8379,11.4543,-470.6069,0.594638
-250.5187,11.4767,-470.6564,0.594938
-251.2027,11.4991,-470.6974,0.595240
-251.8856,11.5212,-470.7275,0.595531
-252.5705,11.5435,-470.7509,0.595833
-253.2619,11.5659,-470.7664,0.596137
-253.9398,11.5878,-470.7728,0.596428
-254.6247,11.6101,-470.7710,0.596732
-255.3093,11.6323,-470.7608,0.597034
-255.9984,11.6546,-470.7421,0.597331
-256.6832,11.6766,-470.7149,0.597622
-257.3692,11.6983,-470.6799,0.597923
-258.0542,11.7199,-470.6365,0.598222
-258.7401,11.7414,-470.5926,0.598521
-259.4272,11.7629,-470.5461,0.598818
-260.1074,11.7844,-470.4958,0.599117
-260.7928,11.8060,-470.4407,0.599424
-261.4788,11.8279,-470.3795,0.599709
-262.1649,11.8498,-470.3118,0.600008
-262.8525,11.8715,-470.2369,0.600304
-263.5427,11.8930,-470.1513,0.600603
-264.2300,11.9142,-470.0576,0.600903
-264.9177,11.9352,-469.9543,0.601188
-265.6101,11.9561,-469.8408,0.601488
-266.2962,11.9767,-469.7188,0.601781
-266.9865,11.9973,-469.5869,0.602075
-267.6688,12.0175,-469.4469,0.602368
-268.3527,12.0375,-469.2959,0.602671
-269.0327,12.0570,-469.1299,0.602963
-269.7091,12.0762,-468.9544,0.603245
-270.3811,12.0948,-468.7646,0.603537
-271.0496,12.1099,-468.5606,0.603833
-271.7140,12.1310,-468.3480,0.604129
-272.3758,12.1508,-468.1235,0.604424
-273.0302,12.1694,-467.8892,0.604707
-273.6831,12.1868,-467.6436,0.605009
-274.3339,12.2032,-467.3847,0.605300
-274.9832,12.2194,-467.1159,0.605604
-275.6279,12.2352,-466.8338,0.605891
-276.2659,12.2508,-466.5408,0.606184
-276.9047,12.2663,-466.2356,0.606480
-277.5398,12.2814,-465.9213,0.606782
-278.1678,12.2964,-465.5993,0.607068
-278.7961,12.3118,-465.2648,0.607374
-279.4199,12.3273,-464.9195,0.607669
-280.0427,12.3435,-464.5589,0.607972
-280.6585,12.3596,-464.1923,0.608281
-281.2690,12.3757,-463.8164,0.608579
-281.8807,12.3918,-463.4272,0.608893
-282.4842,12.4076,-463.0316,0.609187
-283.0874,12.4237,-462.6272,0.609497
-283.6837,12.4401,-462.2175,0.609808
-284.2798,12.4567,-461.7946,0.610125
-284.8714,12.4732,-461.3660,0.610430
-285.4568,12.4896,-460.9316,0.610747
-286.0435,12.5063,-460.4876,0.611059
-286.6250,12.5234,-460.0381,0.611377
-287.2064,12.5410,-459.5786,0.611693
-287.7822,12.5589,-459.1135,0.612009
-288.3566,12.5776,-458.6411,0.612323
-288.9295,12.5966,-458.1628,0.612648
-289.4972,12.6160,-457.6772,0.612974
-290.0655,12.6359,-457.1817,0.613285
-290.6257,12.6560,-456.6800,0.613614
-291.1844,12.6764,-456.1662,0.613943
-291.7364,12.6969,-455.6452,0.614269
-292.2835,12.7177,-455.1158,0.614603
-292.8284,12.7386,-454.5750,0.614925
-293.3649,12.7599,-454.0283,0.615255
-293.8949,12.7815,-453.4713,0.615590
-294.4258,12.8037,-452.9013,0.615926
-294.9434,12.8259,-452.3301,0.616266
-295.4567,12.8487,-451.7488,0.616595
-295.9648,12.8720,-451.1592,0.616935
-296.4693,12.8959,-450.5619,0.617271
-296.9687,12.9198,-449.9641,0.617619
-297.4673,12.9439,-449.3586,0.617949
-297.9620,12.9686,-448.7434,0.618295
-298.4503,12.9933,-448.1250,0.618633
-298.9352,13.0181,-447.4987,0.618992
-299.4153,13.0424,-446.8656,0.619340
-299.8909,13.0664,-446.2246,0.619691
-300.3599,13.0897,-445.5747,0.620029
-300.8215,13.1125,-444.9167,0.620381
-301.2761,13.1350,-444.2508,0.620745
-301.7231,13.1569,-443.5734,0.621091
-302.1617,13.1783,-442.8900,0.621449
-302.5883,13.1989,-442.2027,0.621804
-303.0106,13.2192,-441.5003,0.622164
-303.4185,13.2388,-440.8001,0.622523
-303.8199,13.2582,-440.0959,0.622878
-304.2203,13.2777,-439.3790,0.623233
-304.6095,13.2963,-438.6631,0.623599
-304.9917,13.3142,-437.9407,0.623964
-305.3683,13.3316,-437.2047,0.624331
-305.7362,13.3485,-436.4683,0.624693
-306.0982,13.3652,-435.7241,0.625067
-306.4526,13.3814,-434.9716,0.625434
-306.7986,13.3963,-434.2099,0.625809
-307.1324,13.4094,-433.4513,0.626187
-307.4609,13.4208,-432.6805,0.626559
-307.7812,13.4310,-431.9035,0.626938
-308.0902,13.4395,-431.1211,0.627313
-308.3943,13.4475,-430.3316,0.627692
-308.6940,13.4548,-429.5431,0.628071
-308.9916,13.4619,-428.7531,0.628461
-309.2859,13.4677,-427.9608,0.628841
-309.5769,13.4736,-427.1662,0.629232
-309.8805,13.4871,-426.3671,0.629627
-310.1681,13.4969,-425.5639,0.630016
-310.4532,13.5063,-424.7563,0.630410
-310.7277,13.5004,-423.9282,0.630810
-311.0110,13.4949,-423.1115,0.631215
-311.2990,13.5298,-422.3092,0.631619
-311.5738,13.5355,-421.4831,0.632028
-311.8344,13.5276,-420.6388,0.632434
-312.1001,13.5208,-419.8055,0.632850
-312.3613,13.5132,-418.9650,0.633254
-312.6133,13.4802,-418.1341,0.633671
-312.8676,13.4788,-417.2879,0.634091
-313.1188,13.4770,-416.4455,0.634500
-313.4067,13.4874,-415.6044,0.634918
-313.6551,13.4956,-414.7589,0.635333
-313.9042,13.5038,-413.9112,0.635751
-314.1555,13.5113,-413.0576,0.636171
-314.4083,13.5187,-412.2023,0.636587
-314.6179,13.5078,-411.3297,0.637019
-314.8688,13.5024,-410.4693,0.637441
-315.1181,13.4962,-409.6070,0.637866
-315.3684,13.4894,-408.7355,0.638297
-315.6159,13.4824,-407.8653,0.638726
-315.8611,13.4742,-406.9875,0.639155
-316.1015,13.4657,-406.1091,0.639585
-316.3396,13.4569,-405.2218,0.640019
-316.5733,13.4476,-404.3376,0.640448
-316.8064,13.4379,-403.4499,0.640882
-317.0408,13.4286,-402.5597,0.641320
-317.2759,13.4192,-401.6658,0.641759
-317.5111,13.4097,-400.7678,0.642201
-317.7448,13.4006,-399.8716,0.642641
-317.9781,13.3914,-398.9693,0.643085
-318.2088,13.3824,-398.0666,0.643525
-318.4374,13.3734,-397.1583,0.643972
-318.6631,13.3643,-396.2458,0.644418
-318.8878,13.3551,-395.3273,0.644868
-319.1083,13.3451,-394.4124,0.645314
-319.3268,13.3349,-393.4914,0.645760
-319.5433,13.3247,-392.5648,0.646210
-319.7555,13.3135,-391.6412,0.646662
-319.9665,13.3009,-390.7086,0.647118
-320.1732,13.2880,-389.7776,0.647569
-320.3765,13.2744,-388.8438,0.648022
-320.5789,13.2589,-387.9023,0.648488
-320.7789,13.2430,-386.9618,0.648940
-320.9773,13.2268,-386.0198,0.649409
-321.1730,13.2089,-385.0692,0.649874
-321.3626,13.1905,-384.1183,0.650336
-321.5482,13.1723,-383.1660,0.650795
-321.7313,13.1532,-382.2054,0.651270
-321.9116,13.1332,-381.2448,0.651732
-322.0918,13.1142,-380.2900,0.652197
-322.2727,13.0949,-379.3272,0.652665
-322.4528,13.0752,-378.3615,0.653135
-322.6322,13.0557,-377.3906,0.653604
-322.8095,13.0364,-376.4236,0.654081
-322.9871,13.0168,-375.4491,0.654549
-323.1629,12.9976,-374.4747,0.655027
-323.3375,12.9781,-373.4962,0.655501
-323.5078,12.9580,-372.5111,0.655977
-323.6730,12.9382,-371.5248,0.656455
-323.8323,12.9181,-370.5368,0.656932
-323.9866,12.8969,-369.5401,0.657417
-324.1346,12.8756,-368.5456,0.657892
-324.2771,12.8537,-367.5424,0.658381
-324.4644,12.8249,-366.5479,0.658870
-324.6042,12.7868,-365.5497,0.659348
-324.7436,12.7471,-364.5450,0.659835
-324.8410,12.7032,-363.5274,0.660330
-324.9789,12.6765,-362.5210,0.660814
-325.1157,12.6493,-361.5048,0.661301
-325.2607,12.6750,-360.4908,0.661794
-325.3932,12.6434,-359.4713,0.662286
-325.5228,12.6119,-358.4556,0.662780
-325.6405,12.5478,-357.4316,0.663278
-325.7654,12.5170,-356.4130,0.663768
-325.8962,12.4863,-355.3920,0.664269
-326.0302,12.4597,-354.3694,0.664766
-326.1674,12.4326,-353.3351,0.665265
-326.3009,12.4060,-352.3243,0.665755
-326.4389,12.3788,-351.2927,0.666258
-326.5828,12.3559,-350.2614,0.666754
-326.7254,12.3285,-349.2290,0.667257
-326.8689,12.2999,-348.1891,0.667762
-327.0114,12.2709,-347.1542,0.668262
-327.1548,12.2412,-346.1132,0.668765
-327.2984,12.2114,-345.0657,0.669262
-327.4422,12.1823,-344.0171,0.669772
-327.5848,12.1538,-342.9693,0.670289
-327.7278,12.1254,-341.9154,0.670794
-327.8697,12.0973,-340.8655,0.671297
-328.0113,12.0688,-339.8130,0.671809
-328.1526,12.0396,-338.7546,0.672319
-328.2931,12.0105,-337.6910,0.672833
-328.4325,11.9815,-336.6270,0.673340
-328.5692,11.9528,-335.5678,0.673844
-328.7033,11.9239,-334.5099,0.674364
-328.8347,11.8948,-333.4529,0.674865
-328.9635,11.8660,-332.3971,0.675376
-329.0890,11.8382,-331.3440,0.675876
-329.2115,11.8112,-330.2846,0.676387
-329.3311,11.7850,-329.2282,0.676892
-329.4476,11.7604,-328.1728,0.677401
-329.5621,11.7375,-327.1158,0.677902
-329.6726,11.7147,-326.0559,0.678412
-329.7800,11.6924,-324.9943,0.678919
-329.8841,11.6693,-323.9362,0.679426
-329.9867,11.6460,-322.8692,0.679932
-330.0860,11.6228,-321.7990,0.680450
-330.1818,11.6018,-320.7330,0.680944
-330.2693,11.5837,-319.6642,0.681461
-330.3569,11.5590,-318.5948,0.681975
-330.4408,11.5339,-317.5297,0.682478
-330.5228,11.5081,-316.4555,0.682997
-330.6010,11.4824,-315.3853,0.683503
-330.6756,11.4571,-314.3145,0.684013
-330.7475,11.4315,-313.2326,0.684530
-330.8163,11.4060,-312.1608,0.685037
-330.8817,11.3806,-311.0819,0.685552
-330.9432,11.3556,-310.0020,0.686068
-331.0018,11.3306,-308.9158,0.686584
-331.0577,11.3055,-307.8380,0.687093
-331.1120,11.2795,-306.7514,0.687618
-331.1643,11.2529,-305.6652,0.688130
-331.2140,11.2264,-304.5884,0.688644
-331.2622,11.1995,-303.4937,0.689164
-331.3079,11.1728,-302.4105,0.689683
-331.3507,11.1456,-301.3233,0.690193
-331.3905,11.1181,-300.2268,0.690722
-331.4265,11.0908,-299.1364,0.691233
-331.4592,11.0637,-298.0373,0.691758
-331.4883,11.0375,-296.9403,0.692283
-331.5137,11.0124,-295.8452,0.692795
-331.5350,10.9883,-294.7464,0.693319
-331.5532,10.9638,-293.6425,0.693843
-331.5677,10.9388,-292.5425,0.694361
-331.5786,10.9138,-291.4390,0.694889
-331.5854,10.8896,-290.3314,0.695416
-331.5880,10.8666,-289.2261,0.695943
-331.5862,10.8441,-288.1137,0.696466
-331.5805,10.8224,-287.0064,0.696987
-331.5703,10.8007,-285.8954,0.697516
-331.5564,10.7794,-284.7818,0.698040
-331.5384,10.7588,-283.6683,0.698574
-331.5161,10.7384,-282.5523,0.699108
-331.4898,10.7179,-281.4381,0.699630
-331.4594,10.6972,-280.3154,0.700171
-331.4250,10.6774,-279.2010,0.700696
-331.3861,10.6580,-278.0781,0.701228
-331.3421,10.6395,-276.9518,0.701763
-331.2945,10.6219,-275.8317,0.702293
-331.2428,10.6046,-274.7087,0.702824
-331.1868,10.5871,-273.5825,0.703369
-331.1263,10.5693,-272.4533,0.703892
-331.0618,10.5516,-271.3260,0.704428
-330.9930,10.5342,-270.1948,0.704973
-330.9212,10.5177,-269.0627,0.705510
-330.8469,10.5020,-267.9276,0.706046
-330.7706,10.4860,-266.7906,0.706588
-330.6925,10.4700,-265.6607,0.707128
-330.6117,10.4543,-264.5236,0.707672
-330.5286,10.4395,-263.3837,0.708218
-330.4438,10.4252,-262.2466,0.708752
-330.3569,10.4112,-261.1058,0.709302
-330.2680,10.3970,-259.9591,0.709851
-330.1778,10.3828,-258.8199,0.710397
-330.0851,10.3684,-257.6728,0.710936
-329.9901,10.3537,-256.5176,0.711491
-329.8940,10.3383,-255.3742,0.712032
-329.7949,10.3221,-254.2188,0.712586
-329.6935,10.3058,-253.0650,0.713140
-329.5887,10.2897,-251.9112,0.713691
-329.4799,10.2737,-250.7547,0.714240
-329.3657,10.2570,-249.5915,0.714788
-329.2479,10.2398,-248.4312,0.715348
-329.1251,10.2223,-247.2691,0.715902
-328.9966,10.2046,-246.1006,0.716466
-328.8636,10.1867,-244.9401,0.717018
-328.7247,10.1680,-243.7735,0.717570
-328.5813,10.1488,-242.6052,0.718139
-328.4353,10.1293,-241.4376,0.718695
-328.2863,10.1100,-240.2678,0.719258
-328.1334,10.0911,-239.0904,0.719820
-327.9790,10.0732,-237.9190,0.720395
-327.8228,10.0554,-236.7480,0.720960
-327.6631,10.0369,-235.5677,0.721528
-327.5027,10.0182,-234.3960,0.722093
-327.3396,10.0003,-233.2194,0.722659
-327.1736,9.9825,-232.0354,0.723236
-327.0060,9.9651,-230.8583,0.723808
-326.8346,9.9472,-229.6730,0.724379
-326.6611,9.9291,-228.4874,0.724958
-326.4843,9.9104,-227.3006,0.725535
-326.3049,9.8910,-226.1148,0.726104
-326.1205,9.8702,-224.9185,0.726683
-325.9344,9.8480,-223.7323,0.727260
-325.7446,9.8250,-222.5415,0.727845
-325.5499,9.8006,-221.3422,0.728431
-325.3521,9.7769,-220.1502,0.729011
-325.1501,9.7532,-218.9532,0.729586
-324.9441,9.7299,-217.7528,0.730168
-324.7367,9.7064,-216.5562,0.730751
-324.5280,9.6825,-215.3607,0.731337
-324.3163,9.6583,-214.1540,0.731926
-324.1049,9.6341,-212.9561,0.732505
-323.8916,9.6093,-211.7520,0.733099
-323.6769,9.5832,-210.5440,0.733690
-323.4631,9.5565,-209.3425,0.734275
-323.2472,9.5297,-208.1326,0.734864
-323.0301,9.5028,-206.9182,0.735460
-322.8132,9.4761,-205.7052,0.736047
-322.5960,9.4485,-204.4914,0.736637
-322.3775,9.4206,-203.2712,0.737237
-322.1600,9.3924,-202.0562,0.737830
-321.9421,9.3643,-200.8395,0.738428
-321.7215,9.3351,-199.6084,0.739020
-321.5042,9.3051,-198.3962,0.739613
-321.2840,9.2732,-197.1689,0.740213
-321.0627,9.2407,-195.9348,0.740816
-320.8432,9.2074,-194.7112,0.741416
-320.6227,9.1734,-193.4819,0.742015
-320.4016,9.1378,-192.2482,0.742620
-320.1799,9.1004,-191.0120,0.743220
-319.9594,9.0616,-189.7820,0.743822
-319.7359,9.0217,-188.5354,0.744430
-319.5143,8.9815,-187.2994,0.745032
-319.2924,8.9407,-186.0614,0.745633
-319.0684,8.8990,-184.8121,0.746246
-318.8454,8.8566,-183.5690,0.746855
-318.6220,8.8134,-182.3226,0.747461
-318.3919,8.7669,-181.0387,0.748093
-318.1737,8.7212,-179.8213,0.748680
-317.9500,8.6736,-178.5726,0.749295
-317.7239,8.6244,-177.3113,0.749912
-317.4991,8.5754,-176.0580,0.750521
-317.2738,8.5256,-174.8020,0.751135
-317.0493,8.4753,-173.5505,0.751750
-316.8250,8.4241,-172.3004,0.752359
-316.6008,8.3711,-171.0484,0.752969
-316.3770,8.3167,-169.7991,0.753580
-316.1538,8.2626,-168.5525,0.754193
-315.9318,8.2085,-167.3112,0.754790
-315.7086,8.1537,-166.0660,0.755404
-315.4875,8.0990,-164.8292,0.756006
-315.2665,8.0432,-163.5929,0.756612
-315.0451,7.9868,-162.3529,0.757213
-314.8265,7.9305,-161.1265,0.757815
-314.6067,7.8726,-159.8928,0.758423
-314.3878,7.8141,-158.6608,0.759018
-314.1712,7.7554,-157.4361,0.759618
-313.9559,7.6948,-156.2104,0.760218
-313.7427,7.6339,-154.9881,0.760820
-313.5311,7.5716,-153.7677,0.761414
-313.3213,7.5087,-152.5477,0.762010
-313.1122,7.4448,-151.3274,0.762607
-312.9049,7.3811,-150.1165,0.763197
-312.6972,7.3165,-148.8973,0.763790
-312.4905,7.2521,-147.6812,0.764381
-312.2864,7.1892,-146.4763,0.764966
-312.0818,7.1271,-145.2670,0.765556
-311.8770,7.0652,-144.0550,0.766148
-311.6742,7.0033,-142.8536,0.766732
-311.4711,6.9405,-141.6504,0.767323
-311.2678,6.8772,-140.4456,0.767916
-311.0657,6.8136,-139.2482,0.768496
-310.8623,6.7491,-138.0482,0.769079
-310.6585,6.6839,-136.8504,0.769662
-310.4554,6.6194,-135.6603,0.770240
-310.2504,6.5551,-134.4644,0.770828
-310.0450,6.4917,-133.2740,0.771409
-309.8388,6.4288,-132.0878,0.771989
-309.6313,6.3664,-130.8994,0.772566
-309.4235,6.3047,-129.7148,0.773146
-309.2167,6.2448,-128.5350,0.773718
-309.0090,6.1856,-127.3524,0.774298
-308.8009,6.1269,-126.1705,0.774879
-308.5941,6.0687,-124.9977,0.775448
-308.3867,6.0109,-123.8232,0.776019
-308.1784,5.9535,-122.6461,0.776595
-307.9719,5.8976,-121.4776,0.777168
-307.7662,5.8422,-120.3126,0.777737
-307.5596,5.7864,-119.1390,0.778308
-307.3557,5.7309,-117.9776,0.778878
-307.1523,5.6759,-116.8162,0.779446
-306.9484,5.6207,-115.6479,0.780019
-306.7477,5.5663,-114.4958,0.780577
-306.5453,5.5112,-113.3330,0.781147
-306.3447,5.4563,-112.1783,0.781713
-306.1445,5.4024,-111.0232,0.782273
-305.9449,5.3491,-109.8690,0.782842
-305.7459,5.2961,-108.7162,0.783404
-305.5482,5.2430,-107.5685,0.783958
-305.3510,5.1899,-106.4225,0.784518
-305.1527,5.1373,-105.2706,0.785082
-304.9564,5.0860,-104.1307,0.785639
-304.7588,5.0357,-102.9854,0.786197
-304.5612,4.9860,-101.8432,0.786756
-304.3641,4.9361,-100.7079,0.787307
-304.1643,4.8854,-99.5590,0.787868
-303.9682,4.8357,-98.4355,0.788420
-303.7703,4.7865,-97.3022,0.788972
-303.5718,4.7375,-96.1666,0.789525
-303.3737,4.6899,-95.0341,0.790081
-303.1771,4.6433,-93.9112,0.790627
-302.9791,4.5970,-92.7816,0.791179
-302.7824,4.5510,-91.6609,0.791728
-302.5849,4.5049,-90.5367,0.792276
-302.3877,4.4587,-89.4140,0.792820
-302.1911,4.4128,-88.2960,0.793368
-301.9948,4.3677,-87.1795,0.793914
-301.7980,4.3233,-86.0609,0.794458
-301.6021,4.2804,-84.9474,0.795004
-301.4069,4.2388,-83.8394,0.795547
-301.2112,4.1974,-82.7285,0.796085
-301.0153,4.1558,-81.6160,0.796629
-300.8212,4.1146,-80.5148,0.797166
-300.6265,4.0741,-79.4090,0.797703
-300.4314,4.0339,-78.3016,0.798249
-300.2376,3.9959,-77.2018,0.798786
-300.0445,3.9593,-76.1035,0.799322
-299.8510,3.9241,-75.0033,0.799857
-299.6580,3.8889,-73.9082,0.800392
-299.4656,3.8547,-72.8157,0.800925
-299.2726,3.8202,-71.7202,0.801458
-299.0813,3.7866,-70.6325,0.801991
-298.8890,3.7529,-69.5364,0.802523
-298.6998,3.7199,-68.4542,0.803056
-298.5106,3.6873,-67.3693,0.803589
-298.3211,3.6547,-66.2798,0.804123
-298.1344,3.6227,-65.2017,0.804645
-297.9479,3.5911,-64.1219,0.805169
-297.7618,3.5597,-63.0409,0.805699
-297.5770,3.5288,-61.9649,0.806227
-297.3938,3.4978,-60.8930,0.806748
-297.2100,3.4667,-59.8151,0.807273
-297.0273,3.4365,-58.7427,0.807798
-296.8452,3.4079,-57.6741,0.808318
-296.6630,3.3799,-56.6041,0.808840
-296.4800,3.3523,-55.5328,0.809366
-296.2978,3.3248,-54.4713,0.809881
-296.1143,3.2978,-53.4086,0.810398
-295.9291,3.2721,-52.3401,0.810919
-295.7451,3.2468,-51.2847,0.811433
-295.5594,3.2226,-50.2235,0.811956
-295.3728,3.1986,-49.1652,0.812468
-295.1861,3.1753,-48.1103,0.812986
-294.9997,3.1525,-47.0563,0.813496
-294.8140,3.1303,-46.0076,0.814008
-294.6284,3.1078,-44.9606,0.814523
-294.4425,3.0861,-43.9135,0.815032
-294.2571,3.0645,-42.8710,0.815543
-294.0710,3.0438,-41.8256,0.816055
-293.8803,3.0228,-40.7551,0.816576
-293.6999,3.0031,-39.7423,0.817069
-293.5153,2.9828,-38.7052,0.817575
-293.3307,2.9622,-37.6687,0.818085
-293.1462,2.9424,-36.6325,0.818586
-292.9631,2.9228,-35.6036,0.819095
-292.7797,2.9039,-34.5732,0.819594
-292.5965,2.8849,-33.5428,0.820100
-292.4142,2.8654,-32.5161,0.820600
-292.2321,2.8460,-31.4905,0.821103
-292.0504,2.8267,-30.4651,0.821605
-291.8697,2.8078,-29.4436,0.822105
-291.6890,2.7890,-28.4216,0.822598
-291.5092,2.7703,-27.4030,0.823096
-291.3308,2.7512,-26.3890,0.823593
-291.1518,2.7324,-25.3704,0.824089
-290.9744,2.7144,-24.3585,0.824589
-290.7968,2.6962,-23.3424,0.825080
-290.6215,2.6785,-22.3339,0.825572
-290.4472,2.6608,-21.3238,0.826068
-290.2741,2.6437,-20.3150,0.826560
-290.1027,2.6272,-19.3078,0.827051
-289.9326,2.6114,-18.3036,0.827543
-289.7635,2.5958,-17.3050,0.828031
-289.5934,2.5809,-16.2991,0.828522
-289.4250,2.5665,-15.3022,0.829003
-289.2568,2.5523,-14.3033,0.829492
-289.0892,2.5378,-13.3068,0.829975
-288.9222,2.5233,-12.3110,0.830462
-288.7555,2.5085,-11.3162,0.830948
-288.5894,2.4938,-10.3229,0.831432
-288.4239,2.4797,-9.3335,0.831916
-288.2584,2.4657,-8.3436,0.832398
-288.0935,2.4527,-7.3574,0.832881
-287.9288,2.4408,-6.3716,0.833360
-287.7639,2.4293,-5.3863,0.833838
-287.5997,2.4183,-4.4047,0.834320
-287.4356,2.4075,-3.4236,0.834801
-287.2712,2.3968,-2.4410,0.835275
-287.1083,2.3863,-1.4675,0.835749
-286.9449,2.3757,-0.4909,0.836226
-286.7820,2.3648,0.4818,0.836703
-286.6196,2.3537,1.4526,0.837178
-286.4565,2.3421,2.4258,0.837652
-286.2940,2.3302,3.3967,0.838119
-286.1324,2.3174,4.3599,0.838595
-285.9702,2.3044,5.3268,0.839067
-285.8078,2.2913,6.2941,0.839538
-285.6469,2.2789,7.2535,0.840005
-285.4847,2.2665,8.2180,0.840477
-285.3240,2.2545,9.1745,0.840945
-285.1633,2.2424,10.1318,0.841407
-285.0024,2.2304,11.0904,0.841878
-284.8424,2.2184,12.0438,0.842343
-284.6825,2.2065,12.9970,0.842806
-284.5225,2.1949,13.9503,0.843274
-284.3630,2.1834,14.9000,0.843737
-284.2042,2.1723,15.8455,0.844195
-284.0447,2.1613,16.7951,0.844660
-283.8858,2.1504,17.7402,0.845121
-283.7272,2.1390,18.6843,0.845582
-283.5687,2.1271,19.6275,0.846037
-283.4110,2.1149,20.5651,0.846495
-283.2531,2.1023,21.5035,0.846954
-283.0952,2.0899,22.4420,0.847409
-282.9374,2.0775,23.3789,0.847871
-282.7802,2.0663,24.3110,0.848325
-282.6232,2.0551,25.2449,0.848775
-282.4812,2.0459,26.1798,0.849232
-282.3276,2.0355,27.1096,0.849685
-282.1706,2.0241,28.0341,0.850139
-282.0191,2.0125,28.9620,0.850592
-281.8742,2.0093,29.8879,0.851042
-281.7088,1.9978,30.8261,0.851492
-281.5757,1.9938,31.7377,0.851941
-281.4273,1.9862,32.6590,0.852391
-281.2797,1.9785,33.5789,0.852837
-281.1318,1.9724,34.4987,0.853284
-280.9840,1.9668,35.4148,0.853727
-280.8360,1.9614,36.3310,0.854171
-280.6885,1.9560,37.2447,0.854626
-280.5406,1.9508,38.1582,0.855068
-280.3925,1.9462,39.0689,0.855514
-280.2440,1.9421,39.9792,0.855955
-280.0959,1.9380,40.8857,0.856394
-279.9321,1.9299,41.8013,0.856839
-279.7838,1.9202,42.7071,0.857275
-279.6520,1.9261,43.5957,0.857717
-279.5039,1.9223,44.4974,0.858155
-279.3557,1.9187,45.3982,0.858593
-279.2080,1.9151,46.2950,0.859031
-279.0602,1.9117,47.1915,0.859469
-278.9126,1.9092,48.0867,0.859904
-278.7654,1.9076,48.9799,0.860340
-278.6183,1.9059,49.8700,0.860771
-278.4554,1.8997,50.7708,0.861205
-278.3084,1.8918,51.6587,0.861635
-278.1609,1.8849,52.5470,0.862071
-278.0297,1.9011,53.4184,0.862501
-277.8825,1.9009,54.3016,0.862931
-277.7350,1.9007,55.1853,0.863363
-277.5878,1.9005,56.0651,0.863793
-277.4408,1.9003,56.9426,0.864218
-277.2940,1.9004,57.8180,0.864644
-277.1312,1.8949,58.7050,0.865071
-276.9839,1.8884,59.5801,0.865500
-276.8401,1.8836,60.4372,0.865923
-276.7064,1.9021,61.3092,0.866345
-276.5594,1.9027,62.1787,0.866774
-276.4121,1.9034,63.0490,0.867195
-276.2661,1.9043,63.9112,0.867618
-276.1191,1.9053,64.7774,0.868040
-275.9570,1.8996,65.6513,0.868459
-275.8115,1.8934,66.5087,0.868877
-275.6653,1.8864,67.3714,0.869295
-275.5361,1.9080,68.2139,0.869714
-275.3900,1.9085,69.0734,0.870135
-275.2450,1.9090,69.9264,0.870551
-275.0998,1.9095,70.7809,0.870965
-274.9390,1.9065,71.6440,0.871380
-274.7940,1.9006,72.4940,0.871793
-274.6493,1.8952,73.3431,0.872210
-274.5219,1.9174,74.1743,0.872626
-274.3780,1.9201,75.0210,0.873039
-274.2350,1.9228,75.8615,0.873442
-274.0756,1.9251,76.7155,0.873853
-273.9319,1.9245,77.5575,0.874262
-273.7886,1.9210,78.3953,0.874670
-273.6453,1.9170,79.2330,0.875081
-273.5182,1.9439,80.0559,0.875485
-273.3750,1.9486,80.8918,0.875897
-273.2328,1.9534,81.7204,0.876298
-273.0736,1.9530,82.5653,0.876706
-272.9305,1.9500,83.3949,0.877106
-272.7881,1.9503,84.2199,0.877509
-272.6611,1.9755,85.0351,0.877915
-272.5178,1.9810,85.8616,0.878318
-272.3750,1.9866,86.6846,0.878718
-272.2169,1.9880,87.5155,0.879118
-272.0739,1.9850,88.3370,0.879521
-271.9317,1.9823,89.1539,0.879919
-271.8053,2.0126,89.9576,0.880311
-271.6626,2.0190,90.7732,0.880709
-271.5206,2.0254,91.5851,0.881105
-271.3628,2.0241,92.4084,0.881503
-271.2206,2.0195,93.2196,0.881900
-271.0791,2.0146,94.0270,0.882290
-270.9535,2.0469,94.8216,0.882686
-270.8120,2.0520,95.6275,0.883078
-270.6555,2.0513,96.4395,0.883468
-270.5146,2.0499,97.2409,0.883863
-270.3735,2.0437,98.0434,0.884250
-270.2481,2.0698,98.8353,0.884646
-270.1106,2.0739,99.6160,0.885022
-269.9565,2.0756,100.4147,0.885407
-269.8181,2.0685,101.1993,0.885785
-269.6800,2.0610,101.9825,0.886173
-269.5578,2.0889,102.7518,0.886549
-269.4205,2.0924,103.5283,0.886930
-269.2676,2.0932,104.3167,0.887307
-269.1308,2.0851,105.0910,0.887683
-268.9949,2.0772,105.8611,0.888060
-268.8747,2.1065,106.6190,0.888437
-268.7388,2.1102,107.3871,0.888810
-268.5881,2.1040,108.1625,0.889182
-268.4531,2.0960,108.9262,0.889549
-268.3345,2.1215,109.6740,0.889918
-268.2000,2.1259,110.4319,0.890291
-268.0500,2.1270,111.2012,0.890657
-267.9158,2.1201,111.9550,0.891025
-267.7984,2.1414,112.6928,0.891394
-267.6649,2.1466,113.4434,0.891755
-267.5160,2.1493,114.2025,0.892117
-267.3837,2.1422,114.9465,0.892476
-267.2675,2.1651,115.6771,0.892834
-267.1356,2.1720,116.4183,0.893196
-266.9886,2.1783,117.1659,0.893555
-266.8575,2.1717,117.9022,0.893912
-266.7299,2.1900,118.6211,0.894270
-266.6129,2.2006,119.3562,0.894618
-266.4675,2.2047,120.0961,0.894968
-266.3370,2.1983,120.8262,0.895320
-266.2225,2.2236,121.5454,0.895673
-266.0948,2.2312,122.2609,0.896021
-265.9500,2.2336,122.9927,0.896364
-265.8202,2.2264,123.7108,0.896706
-265.7060,2.2529,124.4146,0.897048
-265.5752,2.2600,125.1285,0.897388
-265.4283,2.2555,125.8491,0.897729
-265.2981,2.2478,126.5398,0.898067
-265.1759,2.2786,127.2482,0.898398
-265.0242,2.2838,127.9550,0.898729
-264.8864,2.2746,128.6446,0.899045
-264.7627,2.2948,129.3158,0.899374
-264.6208,2.2997,129.9913,0.899695
-264.4602,2.2952,130.6706,0.900009
-264.3289,2.3086,131.3197,0.900317
-264.1793,2.3127,131.9708,0.900612
-264.0106,2.3114,132.6278,0.900911
-263.8701,2.3199,133.2541,0.901208
-263.7122,2.3232,133.8840,0.901506
-263.5518,2.3263,134.5088,0.901791
-263.3900,2.3286,135.1239,0.902080
-263.2254,2.3308,135.7346,0.902366
-263.0442,2.3307,136.3374,0.902645
-262.8722,2.3353,136.9369,0.902924
-262.6926,2.3397,137.5288,0.903199
-262.5055,2.3436,138.1137,0.903473
-262.3095,2.3473,138.6934,0.903730
-262.1106,2.3503,139.2641,0.903990
-261.9055,2.3528,139.8272,0.904245
-261.6933,2.3547,140.3810,0.904498
-261.4736,2.3561,140.9278,0.904748
-261.2489,2.3570,141.4644,0.904999
-261.0193,2.3575,141.9931,0.905241
-260.7829,2.3575,142.5175,0.905490
-260.5404,2.3570,143.0306,0.905730
-260.2934,2.3563,143.5394,0.905980
-260.0418,2.3555,144.0399,0.906210
-259.7844,2.3546,144.5338,0.906450
-259.5205,2.3538,145.0211,0.906683
-259.2489,2.3529,145.5050,0.906914
-258.9720,2.3519,145.9815,0.907153
-258.6912,2.3507,146.4489,0.907370
-258.4000,2.3490,146.9149,0.907592
-258.1066,2.3473,147.3733,0.907812
-257.8065,2.3453,147.8244,0.908039
-257.4960,2.3431,148.2707,0.908251
-257.1761,2.3410,148.7110,0.908475
-256.8476,2.3385,149.1451,0.908689
-256.5132,2.3360,149.5700,0.908907
-256.1704,2.3335,149.9901,0.909122
-255.8164,2.3311,150.4058,0.909340
-255.4602,2.3285,150.8133,0.909557
-255.0968,2.3259,151.2146,0.909772
-254.7259,2.3230,151.6104,0.909983
-254.3470,2.3200,152.0011,0.910203
-253.9626,2.3168,152.3837,0.910418
-253.5700,2.3134,152.7612,0.910628
-253.1721,2.3097,153.1306,0.910845
-252.7654,2.3058,153.4955,0.911052
-252.3494,2.3017,153.8529,0.911273
-251.9308,2.2975,154.2031,0.911487
-251.5041,2.2933,154.5479,0.911705
-251.0704,2.2887,154.8855,0.911914
-250.6315,2.2842,155.2148,0.912133
-250.1860,2.2796,155.5372,0.912344
-249.7331,2.2750,155.8532,0.912559
-249.2751,2.2706,156.1611,0.912774
-248.8065,2.2661,156.4616,0.912988
-248.3337,2.2616,156.7564,0.913196
-247.8589,2.2572,157.0409,0.913412
-247.3747,2.2526,157.3201,0.913635
-246.8835,2.2478,157.5922,0.913847
-246.3866,2.2431,157.8563,0.914060
-245.8850,2.2386,158.1118,0.914283
-245.3783,2.2342,158.3601,0.914497
-244.8624,2.2300,158.6010,0.914717
-244.3446,2.2260,158.8354,0.914931
-243.8210,2.2220,159.0624,0.915153
-243.2915,2.2180,159.2820,0.915366
-242.7579,2.2138,159.4930,0.915593
-242.2165,2.2095,159.6970,0.915812
-241.6719,2.2050,159.8923,0.916036
-241.1240,2.2003,160.0788,0.916264
-240.5658,2.1958,160.2568,0.916482
-240.0085,2.1909,160.4269,0.916708
-239.4464,2.1859,160.5921,0.916934
-238.8824,2.1810,160.7538,0.917167
-238.3124,2.1757,160.9104,0.917391
-237.7374,2.1702,161.0572,0.917626
-237.1575,2.1645,161.1926,0.917855
-236.5712,2.1589,161.3179,0.918079
-235.9824,2.1531,161.4281,0.918315
-235.3916,2.1474,161.5274,0.918543
-234.7990,2.1420,161.6133,0.918774
-234.2063,2.1368,161.6858,0.918999
-233.6133,2.1320,161.7449,0.919231
-233.0192,2.1274,161.7897,0.919457
-232.4257,2.1233,161.8200,0.919695
-231.8350,2.1193,161.8359,0.919921
-231.2402,2.1154,161.8354,0.920148
-230.6506,2.1113,161.8248,0.920375
-230.0607,2.1075,161.8015,0.920599
-229.4695,2.1037,161.7650,0.920829
-228.8817,2.1002,161.7148,0.921060
-228.2928,2.0969,161.6513,0.921290
-227.7018,2.0938,161.5744,0.921519
-227.1155,2.0910,161.4850,0.921752
-226.5289,2.0884,161.3824,0.921988
-225.9418,2.0857,161.2629,0.922223
-225.3572,2.0828,161.1339,0.922463
-224.7779,2.0799,160.9925,0.922703
-224.1942,2.0769,160.8371,0.922946
-223.6152,2.0740,160.6695,0.923186
-223.0425,2.0709,160.4923,0.923425
-222.4649,2.0680,160.3041,0.923671
-221.8934,2.0651,160.1067,0.923913
-221.3231,2.0620,159.8955,0.924155
-220.7530,2.0586,159.6754,0.924404
-220.1878,2.0552,159.4450,0.924649
-219.6259,2.0518,159.2041,0.924899
-219.0642,2.0483,158.9564,0.925146
-218.5009,2.0450,158.7089,0.925395
-217.9437,2.0419,158.4611,0.925653
-217.3810,2.0389,158.2022,0.925914
-216.8216,2.0361,157.9331,0.926171
-216.2634,2.0333,157.6562,0.926434
-215.7051,2.0306,157.3697,0.926706
-215.1506,2.0281,157.0774,0.926976
-214.5973,2.0188,156.7776,0.927237
-214.0329,2.0136,156.4794,0.927515
-213.4820,2.0116,156.1634,0.927780
-212.9325,2.0089,155.8373,0.928053
-212.3824,1.9837,155.4801,0.928331
-211.8356,2.0027,155.1583,0.928605
-211.2921,1.9761,154.7915,0.928876
-210.7451,1.9466,154.4327,0.929149
-210.2152,1.9356,154.0805,0.929432
-209.6464,1.9391,153.7432,0.929715
-209.1111,1.9543,153.3660,0.929997
-208.5756,1.9684,152.9788,0.930284
-208.0789,1.9702,152.5508,0.930564
-207.5511,1.9663,152.1512,0.930856
-207.0231,1.9626,151.7475,0.931147
-206.4989,1.9582,151.3337,0.931441
-205.9785,1.9537,150.9118,0.931739
-205.4625,1.9494,150.4815,0.932035
-204.9480,1.9441,150.0416,0.932344
-204.4390,1.9382,149.5975,0.932645
-203.9301,1.9322,149.1461,0.932955
-203.4268,1.9262,148.6901,0.933269
-202.9212,1.9201,148.2281,0.933582
-202.4178,1.9142,147.7647,0.933896
-201.9102,1.9068,147.2994,0.934210
-201.4045,1.8994,146.8361,0.934533
-200.8959,1.8923,146.3695,0.934853
-200.3810,1.8854,145.8957,0.935175
-199.8754,1.8789,145.4285,0.935498
-199.3617,1.8725,144.9501,0.935823
-198.8497,1.8666,144.4671,0.936146
-198.3407,1.8608,143.9812,0.936473
-197.8273,1.8553,143.4865,0.936801
-197.3172,1.8501,142.9896,0.937132
-196.8089,1.8449,142.4889,0.937463
-196.2994,1.8402,141.9822,0.937799
-195.7893,1.8354,141.4701,0.938131
-195.2827,1.8306,140.9604,0.938471
-194.7710,1.8255,140.4435,0.938810
-194.2583,1.8201,139.9241,0.939154
-193.7486,1.8140,139.4046,0.939498
-193.2339,1.8072,138.8772,0.939848
-192.7216,1.8000,138.3500,0.940196
-192.2082,1.7927,137.8203,0.940544
-191.6945,1.7851,137.2894,0.940897
-191.1759,1.7761,136.7530,0.941256
-190.6586,1.7661,136.2185,0.941609
-190.1358,1.7562,135.6785,0.941968
-189.6125,1.7463,135.1380,0.942329
-189.0890,1.7365,134.5969,0.942694
-188.5606,1.7262,134.0508,0.943062
-188.0296,1.7159,133.5021,0.943429
-187.5000,1.7059,132.9555,0.943794
-186.9649,1.6961,132.4036,0.944164
-186.4261,1.6866,131.8482,0.944536
-185.8905,1.6771,131.2959,0.944906
-185.3486,1.6677,130.7372,0.945276
-184.8053,1.6583,130.1765,0.945650
-184.2601,1.6489,129.6132,0.946029
-183.7120,1.6394,129.0457,0.946407
-183.1614,1.6296,128.4741,0.946787
-182.6133,1.6195,127.9032,0.947163
-182.0611,1.6092,127.3261,0.947544
-181.5102,1.5983,126.7490,0.947926
-180.9549,1.5872,126.1658,0.948312
-180.3984,1.5759,125.5797,0.948699
-179.8398,1.5643,124.9899,0.949092
-179.2839,1.5524,124.4016,0.949478
-178.7210,1.5402,123.8047,0.949871
-178.1617,1.5276,123.2107,0.950259
-177.5948,1.5145,122.6086,0.950657
-177.0281,1.5018,122.0078,0.951055
-176.4642,1.4894,121.4100,0.951448
-175.8929,1.4767,120.8041,0.951850
-175.3218,1.4630,120.1982,0.952251
-174.7462,1.4496,119.5875,0.952652
-174.1702,1.4366,118.9752,0.953057
-173.5927,1.4240,118.3595,0.953465
-173.0126,1.4099,117.7386,0.953870
-172.4322,1.3958,117.1160,0.954281
-171.8516,1.3818,116.4912,0.954688
-171.2699,1.3675,115.8639,0.955101
-170.6853,1.3525,115.2325,0.955514
-170.1039,1.3372,114.6036,0.955921
-169.5231,1.3215,113.9742,0.956332
-168.9428,1.3054,113.3441,0.956747
-168.3647,1.2889,112.7150,0.957159
-167.7881,1.2725,112.0864,0.957570
-167.2151,1.2557,111.4611,0.957976
-166.6043,1.2409,110.8682,0.958386
-166.0355,1.2181,110.2534,0.958792
-165.4619,1.1952,109.6344,0.959197
-164.8889,1.1729,109.0187,0.959601
-164.3138,1.1509,108.4021,0.960008
-163.7407,1.1294,107.7886,0.960413
-163.1659,1.1081,107.1750,0.960820
-162.5887,1.0873,106.5604,0.961225
-162.0166,1.0671,105.9513,0.961626
-161.4425,1.0473,105.3398,0.962030
-160.8968,1.0277,104.6965,0.962434
-160.3269,1.0120,104.0835,0.962838
-159.7576,0.9962,103.4670,0.963240
-159.1902,0.9805,102.8491,0.963643
-158.6226,0.9648,102.2286,0.964049
-158.0587,0.9490,101.6102,0.964448
-157.4916,0.9331,100.9855,0.964855
-156.9333,0.9176,100.3691,0.965256
-156.3696,0.9018,99.7463,0.965660
-155.8056,0.8868,99.1247,0.966060
-155.2403,0.8711,98.5014,0.966467
-154.6785,0.8555,97.8839,0.966869
-154.1143,0.8398,97.2650,0.967271
-153.5460,0.8241,96.6435,0.967676
-152.9782,0.8084,96.0237,0.968082
-152.4106,0.7928,95.4049,0.968486
-151.8392,0.7770,94.7826,0.968892
-151.2710,0.7614,94.1646,0.969298
-150.6993,0.7482,93.5456,0.969702
-150.1263,0.7335,92.9258,0.970108
-149.5522,0.7189,92.3069,0.970515
-148.9790,0.7044,91.6909,0.970918
-148.4016,0.6919,91.0739,0.971325
-147.8222,0.6782,90.4553,0.971734
-147.2443,0.6647,89.8400,0.972140
-146.6649,0.6512,89.2252,0.972546
-146.0819,0.6378,88.6086,0.972953
-145.4979,0.6258,87.9931,0.973364
-144.9138,0.6136,87.3782,0.973772
-144.3285,0.6014,86.7632,0.974179
-143.7421,0.5892,86.1483,0.974589
-143.1550,0.5781,85.5337,0.974996
-142.5664,0.5683,84.9199,0.975407
-141.9755,0.5585,84.3048,0.975815
-141.3868,0.5487,83.6925,0.976225
-140.7980,0.5387,83.0802,0.976633
-140.2081,0.5305,82.4657,0.977044
-139.6168,0.5226,81.8522,0.977454
-139.0254,0.5146,81.2396,0.977863
-138.4315,0.5066,80.6257,0.978275
-137.8405,0.4976,80.0130,0.978683
-137.2464,0.4898,79.4010,0.979094
-136.6554,0.4820,78.7924,0.979500
-136.0597,0.4741,78.1794,0.979913
-135.4656,0.4664,77.5693,0.980321
-134.8715,0.4588,76.9615,0.980731
-134.2736,0.4512,76.3512,0.981142
-133.6616,0.4434,75.7281,0.981558
-133.0813,0.4360,75.1384,0.981956
-132.4826,0.4287,74.5312,0.982371
-131.8817,0.4214,73.9229,0.982781
-131.2842,0.4142,73.3194,0.983192
-130.6834,0.4070,72.7134,0.983603
-130.0843,0.3999,72.1098,0.984010
-129.4834,0.3934,71.5048,0.984422
-128.8809,0.3869,70.8985,0.984833
-128.2799,0.3804,70.2942,0.985241
-127.6794,0.3738,69.6911,0.985651
-127.0736,0.3679,69.0830,0.986064
-126.4719,0.3624,68.4794,0.986475
-125.8732,0.3568,67.8787,0.986881
-125.2690,0.3512,67.2723,0.987293
-124.6669,0.3457,66.6683,0.987703
-124.0668,0.3405,66.0662,0.988112
-123.4624,0.3352,65.4598,0.988524
-122.8614,0.3300,64.8566,0.988933
-122.2593,0.3247,64.2521,0.989343
-121.6579,0.3184,63.6481,0.989753
-121.0544,0.3114,63.0416,0.990164
-120.4521,0.3045,62.4365,0.990575
-119.8515,0.2975,61.8332,0.990984
-119.2492,0.2904,61.2283,0.991395
-118.6463,0.2828,60.6230,0.991806
-118.0451,0.2752,60.0196,0.992215
-117.4430,0.2676,59.4158,0.992625
-116.8401,0.2599,58.8115,0.993036
-116.2366,0.2532,58.2064,0.993446
-115.6165,0.2471,57.5845,0.993868
-115.0319,0.2414,56.9980,0.994265
-114.4288,0.2355,56.3927,0.994676
-113.8261,0.2296,55.7878,0.995088
-113.2249,0.2246,55.1843,0.995496
-112.6221,0.2196,54.5792,0.995906
-112.0186,0.2147,53.9733,0.996318
-111.4167,0.2097,53.3694,0.996726
-110.8147,0.2055,52.7667,0.997137
-110.2091,0.2021,52.1614,0.997546
-109.6067,0.1987,51.5596,0.997958
-109.0044,0.1953,50.9582,0.998364
-108.3991,0.1919,50.3537,0.998776
-107.7960,0.1898,49.7513,0.999185
-107.1922,0.1879,49.1482,0.999599
